,recipe_title,총합_에너지(kcal),총합_수분(g),총합_단백질(g),총합_지방(g),총합_회분(g),총합_탄수화물(g),총합_당류(g),총합_식이섬유(g),총합_칼슘(mg),총합_철(mg),총합_인(mg),총합_칼륨(mg),총합_나트륨(mg),총합_비타민a(μg rae),총합_레티놀(μg),총합_베타카로틴(μg),총합_티아민(mg),총합_리보플라빈(mg),총합_니아신(mg),총합_비타민c(mg),총합_비타민d(μg),총합_콜레스테롤(mg),총합_포화지방산(g),총합_트랜스지방산(g),총합_폐기율(%)
0,호박 새우젓찌개 만드는 방법~★,0.0,0.0,0.0,0.0,0.0,0.0,0.0,0.0,0.0,0.0,0.0,0.0,0.0,0.0,0.0,0.0,0.0,0.0,0.0,0.0,0.0,0.0,0.0,0.0,0.0
1,바글바글 전복 된장찌개,100.3,87.53,4.38,1.124,3.01,18.959,0.061,2.62,22.1,0.978,81.2,421.95,773.8,1.15,0.0,9.05,0.186,0.08,0.212,0.0,0.0,0.0,0.172,0.003,0.0
2,순두부찌개....오도독 씹히는 미더덕이 들어간 순두부찌개!!,446.1,103.065,22.097,22.645,3.086,39.098,3.723,6.585,142.4,6.669,577.3,561.95,169.8,394.0,295.0,1187.55,0.442,1.118,1.864,1.32,0.0,0.0,0.25,0.008,8.4
3,정통 바지락 순두부 찌개,563.85,149.91,30.27,29.88,3.173,41.737,1.05,0.0,127.15,5.928,531.95,234.3,138.8,295.05,295.0,0.55,0.405,0.768,0.64,1.9,0.0,0.0,0.742,0.014,6.0
4,크림토마토 비프 스튜,529.9,13.58,6.2,38.527,2.138,49.555,0.211,0.3,160.9,2.56,222.0,471.0,34.9,0.0,0.0,0.0,0.061,0.104,0.538,0.16,0.0,0.0,11.315,0.0,0.0
5,감자찌개,79.0,78.8,2.34,0.09,0.9,17.87,0.0,1.9,5.0,0.49,50.0,351.0,1.0,1.0,0.0,8.0,0.12,0.052,0.11,0.0,0.0,0.0,0.02,0.0,0.0
6,연어 김치찌개,0.0,0.0,0.0,0.0,0.0,0.0,0.0,0.0,0.0,0.0,0.0,0.0,0.0,0.0,0.0,0.0,0.0,0.0,0.0,0.0,0.0,0.0,0.0,0.0,0.0
7,백종원 순두부찌개 따라하기,384.0,382.08,10.944,12.192,3.552,71.232,10.08,0.0,28.8,2.304,268.8,1598.4,0.0,0.0,0.0,0.0,0.624,0.048,1.344,18.24,0.0,0.0,0.096,0.0,57.6
8,두부찌개 간단하고 정성담아 끓였어요~ 따뜻한 저녁 식사,280.8,7.32,4.283,22.44,2.622,18.338,5.249,11.33,34.25,1.85,128.45,806.35,407.05,184.4,0.0,2211.1,0.136,0.667,2.572,0.0,0.0,0.0,3.374,0.073,0.0
9,제육볶음 맛있게 만드는 법,72.3,32.025,2.682,0.016,9.484,15.807,14.058,0.18,24.75,0.4,54.6,309.75,3602.25,0.0,0.0,0.0,0.063,0.049,0.392,0.0,0.0,0.0,0.0,0.0,0.0
10,돼지고기 두루치기,0.0,0.0,0.0,0.0,0.0,0.0,0.0,0.0,0.0,0.0,0.0,0.0,0.0,0.0,0.0,0.0,0.0,0.0,0.0,0.0,0.0,0.0,0.0,0.0,0.0
11,매콤한 낙지볶음,47.85,1.875,1.993,1.26,0.779,9.093,2.617,5.655,11.85,0.733,51.3,381.15,1.95,92.1,0.0,1104.45,0.064,0.324,1.264,0.0,0.0,0.0,0.222,0.008,0.0
12,닭가슴살 버섯불고기,132.3,291.87,12.154,3.024,11.955,26.042,2.411,4.48,30.55,2.197,275.45,1257.65,3609.55,0.0,0.0,0.0,0.313,0.466,2.332,3.8,1.43,0.0,0.07,0.0,12.0
13,낙지볶음,143.55,5.625,5.98,3.78,2.336,27.279,7.852,16.965,35.55,2.2,153.9,1143.45,5.85,276.3,0.0,3313.35,0.194,0.972,3.794,0.0,0.0,0.0,0.666,0.023,0.0
14,얼큰 닭고기 찌개,140.95,136.365,7.172,1.354,5.18,29.934,2.661,7.615,23.7,1.872,172.95,984.7,1207.3,93.1,0.0,1112.45,0.361,0.447,2.105,0.5,0.0,0.0,0.242,0.008,11.5
15,[해외자취Cook.feel通]242. 연두 된장찌개 레시피 <연두활용요리 10탄>,121.6,96.26,6.42,2.157,5.121,20.048,0.123,3.34,39.2,1.465,112.4,492.9,1546.6,1.3,0.0,10.1,0.252,0.107,0.314,0.0,0.0,0.0,0.323,0.006,0.0
16,느타리버섯 간장 불고기,128.7,254.785,14.034,0.034,23.49,27.689,14.232,0.42,52.15,2.996,341.2,1319.95,8419.65,0.0,0.0,0.0,0.767,0.334,3.314,2.0,0.0,0.0,0.0,0.0,46.0
17,황사에 좋은 더덕 제육볶음,56.45,9.565,2.338,1.334,0.854,10.91,3.278,6.535,15.65,0.806,61.3,407.35,1.95,92.2,0.0,1105.25,0.07,0.326,1.283,0.44,0.0,0.0,0.225,0.008,0.0
18,홍합 스튜,15.95,0.625,0.664,0.42,0.26,3.031,0.872,1.885,3.95,0.244,17.1,127.05,0.65,30.7,0.0,368.15,0.022,0.108,0.422,0.0,0.0,0.0,0.074,0.003,0.0
19,우거지 된장찌개,348.0,163.44,35.352,7.992,2.88,30.264,0.0,0.0,0.0,0.0,0.0,0.0,0.0,0.0,0.0,0.0,0.0,0.0,0.0,0.0,0.0,0.0,0.0,0.0,0.0
20,냉이 된장찌개,9.8,16.84,1.018,0.1,0.204,1.838,0.0,1.62,38.4,1.948,20.0,36.0,0.8,27.6,0.0,331.0,0.0,0.064,0.08,7.16,0.0,0.0,0.02,0.0,0.0
21,별미 중에 별미 열무김치찌개,58.5,37.5,10.02,1.695,0.66,0.105,0.0,0.0,0.0,0.0,0.0,0.0,0.0,0.0,0.0,0.0,0.0,0.0,0.0,0.0,0.0,0.0,0.0,0.0,0.0
22,매콤함에 몸서리쳐지는 오징어 볶음,1044.9,140.13,165.843,17.249,48.01,288.627,12.102,109.33,134.4,40.315,5192.9,17788.4,2751.6,201.2,0.0,2406.9,3.471,14.47,71.26,31.9,0.0,0.0,2.954,0.065,0.0
23,주꾸미 볶음,432.7,165.87,14.213,22.743,13.943,53.255,12.846,22.95,151.45,5.004,341.65,2371.25,3630.0,485.9,0.0,5829.8,0.541,1.425,6.014,21.35,0.0,0.0,2.426,0.134,12.0
24,시엄마표 청국장 언제나 맛있게 먹는 남편,0.0,0.0,0.0,0.0,0.0,0.0,0.0,0.0,0.0,0.0,0.0,0.0,0.0,0.0,0.0,0.0,0.0,0.0,0.0,0.0,0.0,0.0,0.0,0.0,0.0
25,매콤한 마파두부,5.1,10.59,0.888,0.004,3.152,0.37,0.044,0.06,5.85,0.099,18.15,98.55,1199.85,0.0,0.0,0.0,0.021,0.016,0.13,0.0,0.0,0.0,0.0,0.0,0.0
26,매콤한 닭떡볶음,200.3,153.545,7.063,3.523,5.364,40.512,19.571,17.57,191.25,2.694,178.4,952.95,1213.45,201.7,0.0,2418.9,0.15,0.824,2.919,15.95,0.0,0.0,0.539,0.015,0.0
27,압력솥돼지고기김치짜개&사리면,0.0,0.0,0.0,0.0,0.0,0.0,0.0,0.0,0.0,0.0,0.0,0.0,0.0,0.0,0.0,0.0,0.0,0.0,0.0,0.0,0.0,0.0,0.0,0.0,0.0
28,부대찌개/집에서 간단하게 끓여보세요,122.7,94.85,8.187,3.42,2.657,20.886,5.235,11.31,33.7,2.067,148.6,900.3,8.9,185.2,0.0,2217.9,0.219,0.808,3.029,17.0,0.0,0.0,0.444,0.015,0.0
29,추억의 맛 비지찌게,0.0,0.0,0.0,0.0,0.0,0.0,0.0,0.0,0.0,0.0,0.0,0.0,0.0,0.0,0.0,0.0,0.0,0.0,0.0,0.0,0.0,0.0,0.0,0.0,0.0
30,청국장찌개,9.0,45.1,1.95,0.0,0.35,2.6,0.0,0.0,1.0,0.55,53.5,154.0,4.5,0.0,0.0,0.0,0.155,0.055,0.6,0.5,0.0,0.0,0.0,0.0,11.5
31,"매콤한 된장찌개, 건더기 많은 된장찌개 ₩",0.0,0.0,0.0,0.0,0.0,0.0,0.0,0.0,0.0,0.0,0.0,0.0,0.0,0.0,0.0,0.0,0.0,0.0,0.0,0.0,0.0,0.0,0.0,0.0,0.0
32,매콤한 떡닭가슴살볶음,206.9,244.2,8.324,8.543,2.084,26.849,9.727,0.3,210.3,0.63,219.2,631.4,84.7,99.0,99.0,0.0,0.177,0.306,0.858,5.4,0.0,17.46,3.931,0.252,12.0
33,쭈꾸미 버섯 볶음,142.8,200.14,10.075,2.725,5.908,26.156,5.278,11.37,107.55,18.566,242.75,860.85,1203.75,198.2,0.0,2372.9,0.23,1.144,3.06,16.0,0.0,0.0,0.444,0.015,0.0
34,훈제오리 양념볶음,252.75,205.26,13.794,4.532,10.588,55.896,22.227,25.685,62.45,3.342,352.35,2088.65,2414.25,276.3,0.0,3313.35,0.296,1.238,4.774,0.0,2.86,0.0,0.766,0.023,0.0
35,시원한 국물 맛의 바지락 된장찌개,287.6,253.46,24.16,5.857,7.281,39.248,0.303,7.64,43.2,1.885,193.4,859.9,1549.6,1.3,0.0,10.1,0.282,0.224,0.674,0.0,1.43,0.0,0.373,0.006,0.0
36,두부넣고 시원하고 깔끔한 맛의 굴새우젓찌개만들기,0.0,0.0,0.0,0.0,0.0,0.0,0.0,0.0,0.0,0.0,0.0,0.0,0.0,0.0,0.0,0.0,0.0,0.0,0.0,0.0,0.0,0.0,0.0,0.0,0.0
37,소고기 야채 볶음,179.55,185.83,5.2,15.138,1.21,7.621,0.0,0.0,84.45,17.262,136.85,8.4,2.4,14.15,0.0,165.65,0.08,0.49,0.4,16.0,0.0,0.0,2.198,0.044,0.0
38,삼겹살 고추장 불고기,235.4,140.93,10.543,5.204,9.29,44.042,8.477,12.93,45.9,2.445,254.9,1497.4,2503.1,184.2,0.0,2208.9,0.356,0.71,3.26,4.6,0.0,0.0,0.489,0.015,12.0
39,오늘부터 밥도둑은 나 오징어 파김치 찌개,70.0,164.8,6.0,1.4,1.8,26.0,0.0,0.0,10.0,1.2,68.0,492.0,12.0,0.0,0.0,0.0,0.12,0.54,4.0,0.0,0.0,0.0,0.0,0.0,0.0
40,햄 두부김치,0.0,0.0,0.0,0.0,0.0,0.0,0.0,0.0,0.0,0.0,0.0,0.0,0.0,0.0,0.0,0.0,0.0,0.0,0.0,0.0,0.0,0.0,0.0,0.0,0.0
41,콩나물 불고기,315.5,277.35,16.587,20.199,9.387,26.486,5.235,11.31,72.4,5.394,266.25,1196.05,2001.3,187.95,0.0,2244.75,0.399,1.137,4.029,51.0,0.0,0.0,1.588,0.076,0.0
42,조랭이 떡볶음,428.8,210.52,30.98,25.286,2.498,19.292,2.73,0.0,19.0,1.792,340.0,912.9,83.2,14.4,14.4,0.0,0.921,0.243,9.164,7.66,1.568,111.68,7.274,0.144,15.6
43,돼지갈비 김치찌게,2.3,9.28,0.178,0.015,0.047,0.48,0.263,0.16,2.4,0.082,3.0,18.1,0.0,2.3,0.0,27.7,0.007,0.009,0.014,0.36,0.0,0.0,0.007,0.0,2.8
44,[해외자취Cook.feel通]209. 까나리 감자찌개 레시피 <까나리액젓요리 7탄>,349.4,72.105,23.434,24.048,1.699,9.114,2.617,5.655,22.3,3.766,240.15,698.55,57.35,98.25,6.0,1106.1,0.114,0.411,5.294,1.1,0.58,51.5,5.56,0.231,0.0
45,"♪ 황사소식이 있는 날 만든, 삼겹살떡불고기",137.55,0.03,0.0,14.938,0.01,0.021,0.0,0.0,6.45,0.262,14.85,8.4,2.4,0.15,0.0,1.65,0.0,0.01,0.0,0.0,0.0,0.0,2.198,0.044,0.0
46,고추장찌개 황금레시피,205.85,159.475,6.674,1.44,2.578,44.833,2.617,9.455,21.85,1.713,151.3,1083.15,3.95,94.1,0.0,1120.45,0.304,0.428,1.484,0.0,0.0,0.0,0.262,0.008,0.0
47,돼지고기 카레볶음,37.82,35.567,0.132,0.018,0.371,9.933,6.739,0.346,3.38,0.072,5.98,63.27,0.94,0.02,0.0,0.19,0.016,0.029,0.057,0.895,0.0,0.0,0.005,0.0,5.2
48,고추잡채,683.55,463.43,47.02,45.218,5.53,52.021,0.0,0.0,40.45,4.123,484.85,1592.4,130.4,18.15,18.0,1.65,1.18,1.378,19.0,3.4,1.96,139.6,11.258,0.223,0.0
49,"집밥백선생 순두부찌개 만들기, 바지락순두부찌개 만들기",0.0,0.0,0.0,0.0,0.0,0.0,0.0,0.0,0.0,0.0,0.0,0.0,0.0,0.0,0.0,0.0,0.0,0.0,0.0,0.0,0.0,0.0,0.0,0.0,0.0
50,얼큰하고 칼칼한 해물순두부찌개,0.0,0.0,0.0,0.0,0.0,0.0,0.0,0.0,0.0,0.0,0.0,0.0,0.0,0.0,0.0,0.0,0.0,0.0,0.0,0.0,0.0,0.0,0.0,0.0,0.0
51,생청국장으로 구수한 청국장찌개 끓여요,0.0,0.0,0.0,0.0,0.0,0.0,0.0,0.0,0.0,0.0,0.0,0.0,0.0,0.0,0.0,0.0,0.0,0.0,0.0,0.0,0.0,0.0,0.0,0.0,0.0
52,표고버섯잡채,270.05,608.9,23.526,4.95,12.81,94.824,0.403,0.57,48.05,4.488,292.3,1980.6,2471.55,0.0,0.0,0.0,0.478,1.929,14.318,0.24,0.0,0.0,0.008,0.0,0.0
53,캠핑부대찌개,0.0,0.0,0.0,0.0,0.0,0.0,0.0,0.0,0.0,0.0,0.0,0.0,0.0,0.0,0.0,0.0,0.0,0.0,0.0,0.0,0.0,0.0,0.0,0.0,0.0
54,"건채소로 끓인 구수한 된장찌개, 된장찌개",42.6,17.46,4.08,2.067,4.221,2.178,0.123,1.44,34.2,0.975,62.4,141.9,1545.6,0.3,0.0,2.1,0.132,0.055,0.204,0.0,0.0,0.0,0.303,0.006,0.0
55,돼지고기 낙지 숙주잡채,140.95,7.09,0.592,14.942,2.112,0.268,0.029,0.04,10.35,0.328,26.95,74.1,802.3,0.15,0.0,1.65,0.014,0.021,0.087,0.0,0.0,0.0,2.198,0.044,0.0
56,돼지고기야채 잡채,3065.5,448.52,64.282,85.81,13.132,520.594,13.558,6.1,412.55,7.884,1083.35,2239.65,2207.55,27.0,27.0,0.0,1.755,0.579,17.778,12.7,2.94,209.4,24.94,0.27,24.0
57,동태찌개 만드는법~,0.0,0.0,0.0,0.0,0.0,0.0,0.0,0.0,0.0,0.0,0.0,0.0,0.0,0.0,0.0,0.0,0.0,0.0,0.0,0.0,0.0,0.0,0.0,0.0,0.0
58,구수하니 맛난 꽃게 된장찌개,190.75,106.865,10.454,4.45,8.01,30.23,2.802,9.715,68.15,2.686,194.9,945.0,2321.35,93.55,0.0,1115.6,0.382,0.459,1.68,0.0,0.0,0.0,0.696,0.016,0.0
59,된장찌개 맛있게끓이는법~,0.0,0.0,0.0,0.0,0.0,0.0,0.0,0.0,0.0,0.0,0.0,0.0,0.0,0.0,0.0,0.0,0.0,0.0,0.0,0.0,0.0,0.0,0.0,0.0,0.0
60,부추불고기,376.75,227.065,7.119,20.206,8.058,47.543,19.06,0.87,59.85,1.659,178.3,1021.1,2404.8,45.65,0.0,549.65,0.322,0.117,0.851,15.2,0.0,0.0,2.262,0.044,24.0
61,팽이버섯 돼지고기볶음,722.4,301.515,52.951,52.46,13.022,7.702,0.31,4.48,51.7,3.495,612.0,1486.15,3744.75,25.05,24.3,8.85,1.362,0.564,15.602,4.59,4.076,188.46,13.426,0.304,0.0
62,[찌개] 닭안심살 비지찌개,276.24,0.116,0.0,29.958,1.385,0.06,0.0,0.0,24.735,2.01,51.3,28.875,597.877,1.5,0.0,17.7,0.0,0.019,0.0,0.0,0.0,0.0,2.289,0.123,0.0
63,차돌된장찌개,87.1,82.51,2.96,2.884,1.444,15.203,2.121,0.24,11.7,0.642,66.4,356.65,257.6,0.05,0.0,0.35,0.152,0.019,0.314,3.8,0.0,0.0,0.07,0.001,12.0
64,유자 돼지불고기,115.75,50.415,4.682,0.494,10.474,23.949,14.585,0.93,41.0,2.001,97.6,562.25,3777.0,31.65,0.0,380.0,0.103,0.101,0.846,0.4,0.0,0.0,0.083,0.0,0.0
65,사과소스 돼지불고기,20.4,42.36,3.552,0.018,12.606,1.482,0.174,0.24,23.4,0.396,72.6,394.2,4799.4,0.0,0.0,0.0,0.084,0.065,0.522,0.0,0.0,0.0,0.0,0.0,0.0
66,파김치찌개,0.0,0.0,0.0,0.0,0.0,0.0,0.0,0.0,0.0,0.0,0.0,0.0,0.0,0.0,0.0,0.0,0.0,0.0,0.0,0.0,0.0,0.0,0.0,0.0,0.0
67,돼지고기 호박 오가리볶음,203.0,66.9,17.51,13.74,0.96,0.0,0.0,0.0,7.0,0.73,167.0,300.0,52.0,9.0,9.0,0.0,0.47,0.144,5.5,1.7,0.98,69.8,4.53,0.09,0.0
68,소라된장찌개 & 삼겹제육볶음,63.9,26.19,6.12,3.1,6.332,3.267,0.184,2.16,51.3,1.463,93.6,212.85,2318.4,0.45,0.0,3.15,0.198,0.083,0.306,0.0,0.0,0.0,0.454,0.009,0.0
69,보글보글 언제 먹어도 맛난 묵은지 돼지고기 찌게,582.8,109.66,26.443,50.583,1.517,0.48,0.263,0.16,35.4,2.791,304.8,495.1,81.6,17.3,13.5,45.4,0.712,0.244,8.264,2.91,1.47,104.7,9.091,0.258,2.8
70,감귤 소고기볶음,5.1,10.59,0.888,0.004,3.152,0.37,0.044,0.06,5.85,0.099,18.15,98.55,1199.85,0.0,0.0,0.0,0.021,0.016,0.13,0.0,0.0,0.0,0.0,0.0,0.0
71,오징어 돼지고기 볶음,0.0,0.0,0.0,0.0,0.0,0.0,0.0,0.0,0.0,0.0,0.0,0.0,0.0,0.0,0.0,0.0,0.0,0.0,0.0,0.0,0.0,0.0,0.0,0.0,0.0
72,야채 된장찌개 만들기 채식 다시마육수 된장찌개 채수로 만든 두부된장찌개,39.5,39.4,1.17,0.045,0.45,8.935,0.0,0.95,2.5,0.245,25.0,175.5,0.5,0.5,0.0,4.0,0.06,0.026,0.055,0.0,0.0,0.0,0.01,0.0,0.0
73,캠핑요리로도 좋은 백선생 고추장찌개 만들기 해볼까요?,126.85,80.675,4.334,1.35,1.678,26.963,2.617,7.555,16.85,1.224,101.3,732.15,2.95,93.1,0.0,1112.45,0.184,0.376,1.374,0.0,0.0,0.0,0.242,0.008,0.0
74,백종원 콩나물 찌개 끓이는 법,151.0,438.1,18.6,4.1,5.1,34.1,0.0,0.0,40.0,3.0,206.0,906.0,27.0,3.0,0.0,27.0,0.39,1.02,5.5,51.0,0.0,0.0,0.0,0.0,0.0
75,멸치쌈밥....멸치찌개 & 상추쌈..(sole food),631.35,435.905,87.81,18.254,10.599,27.279,7.971,2.37,51.15,1.826,145.45,595.4,1576.35,7.2,0.0,85.2,0.3,0.099,0.583,5.12,0.0,0.0,0.352,0.006,20.4
76,햇 고추장~뽀글뽀글 고추장찌개,790.0,542.6,96.44,35.74,6.58,20.24,2.1,0.0,42.0,12.76,844.0,1845.0,222.0,26.0,24.0,18.0,0.51,0.638,17.4,42.2,2.32,206.0,12.58,0.72,12.0
77,부대찌개..비오는날엔 얼큰한 부대찌개!!(생생정보통),42.0,182.0,5.61,0.47,1.56,10.39,0.18,4.3,43.0,8.92,142.0,367.0,3.0,7.0,0.0,82.0,0.07,0.357,0.56,8.0,1.43,0.0,0.05,0.0,0.0
78,꽃빵과 어우린 영양잡채 만들기,104.05,38.745,9.199,6.872,2.056,0.185,0.022,0.03,6.425,0.414,92.575,199.275,625.925,4.5,4.5,0.0,0.246,0.08,2.815,0.85,0.49,34.9,2.265,0.045,0.0
79,완두콩 마파두부,71.088,44.713,3.647,1.19,5.614,12.344,7.725,1.557,29.655,0.773,66.514,270.629,1995.381,6.09,0.0,72.105,0.109,0.054,0.389,0.971,0.0,0.0,0.164,0.005,3.45
80,돼지고기 김치찌개,803.6,256.41,46.785,64.597,3.381,6.632,0.18,4.3,34.4,2.77,528.2,1133.8,137.8,22.8,22.5,3.3,1.205,0.498,14.11,4.25,3.88,174.5,15.77,0.312,0.0
81,잡채,1354.5,154.78,5.868,32.941,14.177,262.255,30.129,3.24,159.2,2.608,273.6,807.2,4827.1,0.3,0.0,3.3,0.214,0.096,0.802,3.8,0.0,0.0,4.415,0.087,12.0
82,"스팸 버섯 찌개, 빠르게 끓여내는 가벼운 국물에 자연송이와 스팸 넣은 찌개",32.2,109.58,3.926,0.249,7.003,9.251,1.307,5.32,12.7,1.618,69.3,502.1,2400.7,0.0,0.0,0.0,0.052,0.487,3.171,1.8,0.0,0.0,0.05,0.0,0.0
83,집밥 백선생 김치찌개 따라하기,131.85,23.4,6.777,3.594,3.875,22.357,5.613,12.48,42.15,2.044,151.8,894.75,806.55,184.35,0.0,2209.95,0.212,0.681,2.688,0.24,0.0,0.0,0.603,0.018,0.0
84,얼큰한 돼지고기찌개,4.95,3.64,0.25,0.014,0.069,1.028,0.106,0.15,0.45,0.03,6.0,20.5,9.95,0.0,0.0,0.0,0.006,0.002,0.019,0.08,0.0,0.0,0.003,0.0,0.0
85,닭볶음,348.0,407.2,10.27,2.94,4.13,75.46,4.49,8.3,46.0,2.19,245.0,1652.0,19.0,302.0,0.0,3606.0,0.52,0.218,1.46,3.8,0.0,0.0,0.11,0.0,12.0
86,"쫀득한~ 찰옥수수전, 옥수수전",0.0,0.0,0.0,0.0,0.0,0.0,0.0,0.0,0.0,0.0,0.0,0.0,0.0,0.0,0.0,0.0,0.0,0.0,0.0,0.0,0.0,0.0,0.0,0.0,0.0
87,파김치전 만들기,0.0,0.0,0.0,0.0,0.0,0.0,0.0,0.0,0.0,0.0,0.0,0.0,0.0,0.0,0.0,0.0,0.0,0.0,0.0,0.0,0.0,0.0,0.0,0.0,0.0
88,고소하고 맛있는전 돼지고기부추전,845.25,152.27,31.065,55.794,3.86,51.991,1.478,1.65,275.65,11.777,1063.85,396.9,338.1,635.65,590.0,549.65,0.733,1.596,1.144,8.08,0.0,0.0,2.238,0.044,0.0
89,마파두부 덮밥,65.0,45.955,2.118,0.053,0.43,16.446,13.927,0.0,8.7,0.604,42.15,145.1,6.2,0.0,0.0,0.0,0.045,0.145,0.65,0.0,0.0,0.0,0.0,0.0,0.0
90,정식품진한콩국물을활용한색다른요리레시피공모전(콩국물부침개),0.0,0.0,0.0,0.0,0.0,0.0,0.0,0.0,0.0,0.0,0.0,0.0,0.0,0.0,0.0,0.0,0.0,0.0,0.0,0.0,0.0,0.0,0.0,0.0,0.0
91,달달한 바나나와 오도독 아몬드가 씹히는 치지한 치즈토스트,1184.3,16.0,27.25,81.69,6.07,98.99,57.81,18.3,363.0,5.69,626.0,2059.0,3.0,58.8,0.0,706.3,0.08,1.484,4.48,0.0,0.0,0.0,8.452,0.049,0.0
92,노란색 양배추전 # 치즈전,507.25,311.01,23.07,28.53,3.604,38.787,10.518,2.4,409.85,6.268,743.2,530.75,228.6,545.15,418.75,1512.0,0.397,1.265,1.723,14.56,0.0,21.825,4.938,0.315,0.0
93,아이들도 좋아하는 단맛 가득한 양배추 볶음밥,58.5,134.55,5.07,2.655,0.825,6.9,1.095,5.1,88.5,1.725,148.5,141.0,12.0,25.5,0.0,297.0,0.0,0.45,0.78,47.85,0.0,0.0,0.165,0.0,0.0
94,추운 겨울 따듯함을 담은 달콤함 ' 꿀고구마 찹쌀전',0.0,0.0,0.0,0.0,0.0,0.0,0.0,0.0,0.0,0.0,0.0,0.0,0.0,0.0,0.0,0.0,0.0,0.0,0.0,0.0,0.0,0.0,0.0,0.0,0.0
95,고구마 찰전,46.0,188.2,0.96,0.22,0.7,9.92,0.0,9.0,250.0,0.9,16.0,62.0,6.0,18.0,0.0,222.0,0.0,0.02,0.0,0.0,0.0,0.0,0.08,0.0,0.0
96,계란볶음밥,666.8,84.285,28.8,40.6,7.715,43.6,0.0,0.0,251.45,12.52,998.0,136.25,2256.6,590.0,590.0,0.0,0.68,1.52,1.0,0.0,0.0,0.0,0.0,0.0,0.0
97,영양가득 오므라이스 간단하게 만드는 소스,0.0,0.0,0.0,0.0,0.0,0.0,0.0,0.0,0.0,0.0,0.0,0.0,0.0,0.0,0.0,0.0,0.0,0.0,0.0,0.0,0.0,0.0,0.0,0.0,0.0
98,제철 옥수수 맛있게 삶는법 냄비에 삶기,200.8,446.285,8.5,1.5,7.515,41.2,0.0,0.0,57.45,3.32,265.0,6.25,1980.6,0.0,0.0,0.0,0.85,0.5,1.0,110.0,0.0,0.0,0.0,0.0,0.0
99,옥수수 찜기에 찌는법,120.0,267.6,5.1,0.9,1.8,24.6,0.0,0.0,30.0,1.2,159.0,0.0,0.0,0.0,0.0,0.0,0.51,0.3,0.6,66.0,0.0,0.0,0.0,0.0,0.0
100,단호박 담백하고 맛있게 찌는방법,0.0,0.0,0.0,0.0,0.0,0.0,0.0,0.0,0.0,0.0,0.0,0.0,0.0,0.0,0.0,0.0,0.0,0.0,0.0,0.0,0.0,0.0,0.0,0.0,0.0
101,스페인하숙 차세프의 오삼불고기 덮밥,419.15,126.122,9.846,20.021,14.958,56.572,28.4,11.55,70.35,2.761,246.275,1519.05,4809.75,184.35,0.0,2210.55,0.343,0.734,3.331,3.8,0.0,0.0,2.661,0.058,12.0
102,줄서서먹는그맛♥매콤핫떡볶이,29.25,39.33,1.386,1.494,0.302,2.488,1.854,0.0,50.85,0.023,37.8,64.35,16.2,24.75,24.75,0.0,0.009,0.073,0.135,0.36,0.0,4.365,0.976,0.063,0.0
103,새우가 없어도 새우깡만 있으면 쉽게 만드는 바삭한 부추전,333.0,42.0,14.4,20.3,1.6,21.7,0.0,0.0,122.0,5.6,499.0,65.0,138.0,295.0,295.0,0.0,0.34,0.76,0.5,0.0,0.0,0.0,0.0,0.0,0.0
104,국수전 - 남은국수로 만든 별미 전요리,0.0,0.0,0.0,0.0,0.0,0.0,0.0,0.0,0.0,0.0,0.0,0.0,0.0,0.0,0.0,0.0,0.0,0.0,0.0,0.0,0.0,0.0,0.0,0.0,0.0
105,닭 가슴살 부추전,216.0,124.78,5.384,3.012,1.712,45.112,1.83,0.0,14.8,1.034,120.8,836.4,3.0,0.0,0.0,0.0,0.264,0.024,0.304,11.84,0.0,0.0,0.066,0.0,26.6
106,오꼬노미야끼,78.0,179.4,6.76,3.54,1.1,9.2,1.46,6.8,118.0,2.3,198.0,188.0,16.0,34.0,0.0,396.0,0.0,0.6,1.04,63.8,0.0,0.0,0.22,0.0,0.0
107,밥알에 황금색코팅?! 황금볶음밥,0.0,0.0,0.0,0.0,0.0,0.0,0.0,0.0,0.0,0.0,0.0,0.0,0.0,0.0,0.0,0.0,0.0,0.0,0.0,0.0,0.0,0.0,0.0,0.0,0.0
108,애호박 치즈전,0.0,0.0,0.0,0.0,0.0,0.0,0.0,0.0,0.0,0.0,0.0,0.0,0.0,0.0,0.0,0.0,0.0,0.0,0.0,0.0,0.0,0.0,0.0,0.0,0.0
109,세발나물바나나전,984.0,162.6,24.29,21.38,8.83,182.9,107.8,17.8,277.0,8.62,712.0,2888.0,389.0,750.0,295.0,5450.0,0.8,1.097,3.55,2.8,0.0,0.0,0.35,0.0,0.0
110,고소한 감자부침개 만드는 법,0.0,0.0,0.0,0.0,0.0,0.0,0.0,0.0,0.0,0.0,0.0,0.0,0.0,0.0,0.0,0.0,0.0,0.0,0.0,0.0,0.0,0.0,0.0,0.0,0.0
111,깻잎감자전,0.0,0.0,0.0,0.0,0.0,0.0,0.0,0.0,0.0,0.0,0.0,0.0,0.0,0.0,0.0,0.0,0.0,0.0,0.0,0.0,0.0,0.0,0.0,0.0,0.0
112,찬밥으로 만드는 고소한 치즈밥전,42.0,178.2,6.02,0.74,1.92,13.18,0.36,8.6,8.0,0.84,162.0,734.0,6.0,0.0,0.0,0.0,0.06,0.234,0.72,0.0,2.86,0.0,0.1,0.0,0.0
113,바지락 파래전,0.0,0.0,0.0,0.0,0.0,0.0,0.0,0.0,0.0,0.0,0.0,0.0,0.0,0.0,0.0,0.0,0.0,0.0,0.0,0.0,0.0,0.0,0.0,0.0,0.0
114,참나물 치즈 라이스전,355.0,134.8,15.79,20.53,2.64,26.24,0.0,2.7,190.0,6.15,538.0,477.0,154.0,413.0,295.0,1418.0,0.34,0.843,0.79,9.0,0.0,0.0,0.05,0.0,0.0
115,대추꽃전,5520.0,418.0,74.6,5.0,51.0,1451.4,1181.8,190.0,780.0,15.0,2320.0,16100.0,40.0,80.0,0.0,840.0,2.8,16.3,20.6,376.0,0.0,0.0,1.4,0.2,180.0
116,고소한 두부치즈전,0.0,0.0,0.0,0.0,0.0,0.0,0.0,0.0,0.0,0.0,0.0,0.0,0.0,0.0,0.0,0.0,0.0,0.0,0.0,0.0,0.0,0.0,0.0,0.0,0.0
117,에어프라이어 요리 단호박 찌는법 굽기,0.0,0.0,0.0,0.0,0.0,0.0,0.0,0.0,0.0,0.0,0.0,0.0,0.0,0.0,0.0,0.0,0.0,0.0,0.0,0.0,0.0,0.0,0.0,0.0,0.0
118,[암예방레시피]건강한 저염식 양파찜,755.55,389.98,15.86,20.108,5.351,133.701,2.475,3.8,47.45,3.348,360.85,2468.4,11.9,2.15,0.0,17.65,0.77,0.164,0.7,25.8,0.0,0.0,2.382,0.044,54.5
119,어렵지 않은 식빵 꽃,333.0,42.0,14.4,20.3,1.6,21.7,0.0,0.0,122.0,5.6,499.0,65.0,138.0,295.0,295.0,0.0,0.34,0.76,0.5,0.0,0.0,0.0,0.0,0.0,0.0
120,감자 채소전,0.0,0.0,0.0,0.0,0.0,0.0,0.0,0.0,0.0,0.0,0.0,0.0,0.0,0.0,0.0,0.0,0.0,0.0,0.0,0.0,0.0,0.0,0.0,0.0,0.0
121,"비오는날, 달콤한 오코노미야끼",333.0,42.0,14.4,20.3,1.6,21.7,0.0,0.0,122.0,5.6,499.0,65.0,138.0,295.0,295.0,0.0,0.34,0.76,0.5,0.0,0.0,0.0,0.0,0.0,0.0
122,불고기 파전,39.2,59.68,1.371,1.121,0.437,7.379,1.347,0.45,15.9,0.273,31.4,214.5,0.0,27.3,0.0,328.8,0.064,0.036,0.13,6.08,0.0,0.0,0.023,0.0,4.8
123,돼지목살김치볶음밥,57.0,0.255,0.018,0.003,0.03,14.696,13.927,0.0,7.2,0.104,0.15,14.1,2.7,0.0,0.0,0.0,0.0,0.0,0.0,0.0,0.0,0.0,0.0,0.0,0.0
124,굴김치전,333.0,42.0,14.4,20.3,1.6,21.7,0.0,0.0,122.0,5.6,499.0,65.0,138.0,295.0,295.0,0.0,0.34,0.76,0.5,0.0,0.0,0.0,0.0,0.0,0.0
125,노릇노릇 묵은지야채부침개,33.0,110.4,1.5,0.288,0.696,7.092,2.448,2.46,42.0,0.306,41.4,322.2,9.6,234.0,0.0,2806.8,0.042,0.096,0.546,9.12,0.0,0.0,0.048,0.0,0.0
126,아욱소시지전 만드는 법,348.5,86.85,16.16,20.545,2.145,24.3,0.0,1.95,211.0,5.94,535.5,235.0,146.5,472.0,295.0,2126.0,0.395,0.936,0.745,13.9,0.0,0.0,0.04,0.0,0.0
127,단.맵.짠김치볶음밥 만들기,290.25,4.035,4.005,17.462,1.598,32.902,19.162,11.31,37.35,1.833,117.6,784.8,9.0,184.35,0.0,2210.55,0.129,0.658,2.529,0.0,0.0,0.0,2.641,0.058,0.0
128,해물 김치전,0.0,0.0,0.0,0.0,0.0,0.0,0.0,0.0,0.0,0.0,0.0,0.0,0.0,0.0,0.0,0.0,0.0,0.0,0.0,0.0,0.0,0.0,0.0,0.0,0.0
129,파래김치전,0.0,0.0,0.0,0.0,0.0,0.0,0.0,0.0,0.0,0.0,0.0,0.0,0.0,0.0,0.0,0.0,0.0,0.0,0.0,0.0,0.0,0.0,0.0,0.0,0.0
130,바삭바삭 새우김치전,333.0,42.0,14.4,20.3,1.6,21.7,0.0,0.0,122.0,5.6,499.0,65.0,138.0,295.0,295.0,0.0,0.34,0.76,0.5,0.0,0.0,0.0,0.0,0.0,0.0
131,떡볶이 황금레시피,119.1,11.1,0.924,0.01,3.212,29.761,27.898,0.06,20.25,0.306,18.45,126.75,1205.25,0.0,0.0,0.0,0.021,0.016,0.13,0.0,0.0,0.0,0.0,0.0,0.0
132,녹차단호박볼,7592.8,637.295,159.286,452.256,43.525,842.641,323.305,110.5,476.85,52.877,2376.3,11521.45,2072.0,40.0,0.0,390.0,9.12,5.575,21.75,194.0,0.0,0.0,0.35,0.05,355.0
133,녹차고구마볼,183.8,283.095,1.476,0.336,5.625,44.471,27.855,13.5,396.85,2.877,24.3,127.45,1995.0,27.0,0.0,333.0,0.0,0.03,0.0,0.0,0.0,0.0,0.12,0.0,0.0
134,백종원 김치볶음밥,5.1,10.59,0.888,0.004,3.152,0.37,0.044,0.06,5.85,0.099,18.15,98.55,1199.85,0.0,0.0,0.0,0.021,0.016,0.13,0.0,0.0,0.0,0.0,0.0,0.0
135,날치알 얹은 두부감자전,491.0,199.6,19.08,20.48,3.4,57.44,0.0,3.8,132.0,6.58,599.0,767.0,140.0,297.0,295.0,16.0,0.58,0.864,0.72,0.0,0.0,0.0,0.04,0.0,0.0
136,치킨마요 - 남은 치킨 활용법 치킨덮밥,746.0,163.6,31.08,43.14,3.94,58.24,2.1,0.0,250.0,11.68,1054.0,463.0,276.0,590.0,590.0,0.0,0.81,1.53,1.28,3.8,0.0,0.0,0.02,0.0,12.0
137,"간단점심메뉴, 쉽고 맛있는 깍두기볶음밥 만들기",942.0,84.03,28.8,70.558,3.23,43.4,0.0,0.0,266.5,12.814,1049.3,157.0,279.6,591.5,590.0,17.7,0.68,1.539,1.0,0.0,0.0,0.0,2.289,0.123,0.0
138,"찬밥과 소세지, 햄, 참치로 만든 김치볶음밥",0.0,0.0,0.0,0.0,0.0,0.0,0.0,0.0,0.0,0.0,0.0,0.0,0.0,0.0,0.0,0.0,0.0,0.0,0.0,0.0,0.0,0.0,0.0,0.0,0.0
139,매운부추부침 맛있게 만드는 법,12.0,46.4,0.765,0.175,0.235,2.405,0.845,0.75,22.5,0.135,15.0,135.5,0.0,45.5,0.0,548.0,0.02,0.054,0.03,7.6,0.0,0.0,0.025,0.0,0.0
140,감자치즈전,0.0,0.0,0.0,0.0,0.0,0.0,0.0,0.0,0.0,0.0,0.0,0.0,0.0,0.0,0.0,0.0,0.0,0.0,0.0,0.0,0.0,0.0,0.0,0.0,0.0
141,호박고구마전,0.0,0.0,0.0,0.0,0.0,0.0,0.0,0.0,0.0,0.0,0.0,0.0,0.0,0.0,0.0,0.0,0.0,0.0,0.0,0.0,0.0,0.0,0.0,0.0,0.0
142,일본식부치기~오꼬노미야끼- 딸에게#,173.5,254.8,10.23,4.915,1.935,28.12,1.9,8.5,152.5,3.2,285.5,520.0,21.5,42.5,0.0,495.0,0.08,0.758,1.34,84.15,0.0,0.0,0.3,0.0,8.5
143,고구마 브로콜리전,0.0,0.0,0.0,0.0,0.0,0.0,0.0,0.0,0.0,0.0,0.0,0.0,0.0,0.0,0.0,0.0,0.0,0.0,0.0,0.0,0.0,0.0,0.0,0.0,0.0
144,데리야끼 닭봉조림,569.46,476.402,19.496,15.981,19.149,88.0,75.788,0.42,600.81,1.173,499.35,1251.95,6190.81,264.0,264.0,0.0,0.205,0.861,2.108,3.904,0.0,46.56,10.418,0.672,0.0
145,콘치즈스틱,0.0,0.0,0.0,0.0,0.0,0.0,0.0,0.0,0.0,0.0,0.0,0.0,0.0,0.0,0.0,0.0,0.0,0.0,0.0,0.0,0.0,0.0,0.0,0.0,0.0
146,미니밤호박맛탕 만들기,114.0,0.51,0.036,0.006,0.06,29.391,27.855,0.0,14.4,0.207,0.3,28.2,5.4,0.0,0.0,0.0,0.0,0.0,0.0,0.0,0.0,0.0,0.0,0.0,0.0
147,"한그릇 요리~ 대패목살 필라프, 목살필라프",2.97,2.184,0.15,0.008,0.041,0.616,0.063,0.09,0.27,0.018,3.6,12.3,5.97,0.0,0.0,0.0,0.003,0.001,0.011,0.048,0.0,0.0,0.002,0.0,0.0
148,진짜 리조또 만들기 핵심은 생쌀과 육수에,0.0,0.0,0.0,0.0,0.0,0.0,0.0,0.0,0.0,0.0,0.0,0.0,0.0,0.0,0.0,0.0,0.0,0.0,0.0,0.0,0.0,0.0,0.0,0.0,0.0
149,고사리김치전,333.0,42.0,14.4,20.3,1.6,21.7,0.0,0.0,122.0,5.6,499.0,65.0,138.0,295.0,295.0,0.0,0.34,0.76,0.5,0.0,0.0,0.0,0.0,0.0,0.0
150,일본식 김치 해물전,380.2,129.68,17.56,22.224,2.188,28.348,1.004,2.72,170.4,6.616,589.4,206.8,144.4,308.6,295.0,158.4,0.366,1.002,0.972,26.28,0.0,0.0,0.092,0.0,2.4
151,대패삼겹살덮밥만들기 (윤식당 레시피),1343.7,474.61,31.469,2.897,102.563,308.629,227.527,3.82,341.4,5.624,681.7,3852.2,38449.9,149.5,0.0,1791.0,0.817,0.559,4.881,3.8,0.0,0.0,0.035,0.0,12.0
152,미숫가루 감자채부추전,512.9,275.15,21.039,20.73,6.88,61.178,1.226,4.91,169.35,6.868,638.15,1055.25,1339.85,360.7,295.0,783.2,0.629,0.956,0.893,10.64,0.0,0.0,0.075,0.0,0.0
153,부추호박 콩가루쌀전,419.2,272.06,19.644,22.041,9.053,37.145,3.975,2.52,202.1,6.758,613.1,805.4,2538.3,415.6,295.0,1452.6,0.519,0.943,1.153,22.84,0.0,0.0,0.082,0.0,6.0
154,중국집 맛 그대로! 새우 볶음밥 (백선생 레시피),666.0,84.0,28.8,40.6,3.2,43.4,0.0,0.0,244.0,11.2,998.0,130.0,276.0,590.0,590.0,0.0,0.68,1.52,1.0,0.0,0.0,0.0,0.0,0.0,0.0
155,단호박조림(꿀맛이네~),10.2,21.18,1.776,0.009,6.303,0.741,0.087,0.12,11.7,0.198,36.3,197.1,2399.7,0.0,0.0,0.0,0.042,0.033,0.261,0.0,0.0,0.0,0.0,0.0,0.0
156,"간단하게 끓여 만든 시원한 여름 간식, 복숭아조림",490.0,868.0,7.4,7.9,4.9,111.8,102.1,0.0,10.0,1.9,210.0,2380.0,0.0,0.0,0.0,0.0,1.4,0.12,0.9,47.0,0.0,0.0,0.1,0.0,180.0
157,집에서 깨끗하게 간단하게 만들어요 복숭아병조림,196.0,347.2,2.96,3.16,1.96,44.72,40.84,0.0,4.0,0.76,84.0,952.0,0.0,0.0,0.0,0.0,0.56,0.048,0.36,18.8,0.0,0.0,0.04,0.0,72.0
158,알밤조림 만드는 법,285.0,1.275,0.09,0.015,0.15,73.477,69.637,0.0,36.0,0.518,0.75,70.5,13.5,0.0,0.0,0.0,0.0,0.0,0.0,0.0,0.0,0.0,0.0,0.0,0.0
159,방울토마토 마리네이드,749.7,14.1,0.399,75.384,0.182,14.936,10.392,0.0,2.4,0.093,9.6,80.4,0.15,4.5,0.0,53.25,0.02,0.214,0.08,0.57,0.0,0.0,11.284,0.022,1.8
160,방울토마토 마리네이드,749.7,14.1,0.399,75.384,0.182,14.936,10.392,0.0,2.4,0.093,9.6,80.4,0.15,4.5,0.0,53.25,0.02,0.214,0.08,0.57,0.0,0.0,11.284,0.022,1.8
161,시원한 음식 디저트 / 토마토 매실액 절임 (토마토 마리네이드),104.0,367.2,3.76,0.24,2.8,26.0,15.4,6.8,32.0,1.12,116.0,1316.0,28.0,192.0,0.0,2288.0,0.04,0.084,1.4,70.0,0.0,0.0,0.08,0.0,0.0
162,세척&담그는비법 과일과 같은 비율로 설탕 안넣어도 상하지 않는 귤청,0.0,0.0,0.0,0.0,0.0,0.0,0.0,0.0,0.0,0.0,0.0,0.0,0.0,0.0,0.0,0.0,0.0,0.0,0.0,0.0,0.0,0.0,0.0,0.0,0.0
163,고추장스팸볶음밥,152.85,31.8,2.664,14.952,9.465,1.132,0.13,0.18,24.0,0.56,69.3,304.05,3601.95,0.15,0.0,1.65,0.063,0.06,0.392,0.0,0.0,0.0,2.198,0.044,0.0
164,자연재료 우엉 부추전,38.0,89.45,1.705,0.22,0.53,8.075,1.19,3.45,43.0,0.475,48.0,241.5,2.5,45.5,0.0,548.0,0.03,0.104,0.075,8.1,0.0,0.0,0.035,0.0,0.0
165,두부 연어 크림전(original),72.4,2.17,0.036,0.031,0.025,17.738,4.642,0.0,5.1,0.334,1.85,5.0,1.2,0.0,0.0,0.0,0.0,0.0,0.0,0.0,0.0,0.0,0.0,0.0,0.0
166,두부 연어 크림전(easy),77.0,112.76,3.888,2.159,0.979,15.214,1.785,0.0,6.1,0.958,101.1,437.05,4.5,0.0,0.0,0.0,0.266,0.064,0.838,3.73,0.0,0.0,0.017,0.0,21.7
167,짜장소스 대파볶음밥,754.0,541.0,45.29,30.42,6.05,75.46,4.49,8.3,60.0,3.65,579.0,2252.0,123.0,320.0,18.0,3606.0,1.46,0.506,12.46,7.2,1.96,139.6,9.17,0.18,12.0
168,매콤한 어묵이 알싸하게 흰밥을 덮쳤당! 어묵덮밥,380.85,43.875,16.394,21.56,2.379,30.793,2.617,5.655,133.85,6.334,550.3,446.15,139.95,387.1,295.0,1104.45,0.404,1.084,1.764,0.0,0.0,0.0,0.222,0.008,0.0
169,백종원 옥수수전 달달하고 고소하게,0.0,0.0,0.0,0.0,0.0,0.0,0.0,0.0,0.0,0.0,0.0,0.0,0.0,0.0,0.0,0.0,0.0,0.0,0.0,0.0,0.0,0.0,0.0,0.0,0.0
170,< 디저트 > 애플키위팬케이크,1252.5,427.3,28.142,34.68,7.032,217.914,161.46,11.45,613.7,7.262,903.95,1688.0,283.5,498.25,493.0,63.0,0.547,1.438,1.72,83.355,0.0,34.92,7.91,0.504,7.5
171,< 별미 간식> 쫀득쫀득 감자치즈호떡,237.0,236.4,7.02,0.27,2.7,53.61,0.0,5.7,15.0,1.47,150.0,1053.0,3.0,3.0,0.0,24.0,0.36,0.156,0.33,0.0,0.0,0.0,0.06,0.0,0.0
172,믿고먹는 쌀 떡볶이레시피^-^,181.2,21.945,1.83,0.018,6.393,44.828,41.87,0.12,33.3,0.508,36.75,239.4,2407.8,0.0,0.0,0.0,0.042,0.033,0.261,0.0,0.0,0.0,0.0,0.0,0.0
173,복숭아 조림..,1900.0,8.5,0.6,0.1,1.0,489.85,464.25,0.0,240.0,3.45,5.0,470.0,90.0,0.0,0.0,0.0,0.0,0.0,0.0,0.0,0.0,0.0,0.0,0.0,0.0
174,한끼식사-김치스팸볶음밥(김치볶음밥),370.8,1.095,2.715,38.382,0.711,2.097,0.0,0.0,196.35,3.375,125.7,16.8,4.8,0.3,0.0,3.3,0.076,0.042,0.0,0.0,0.0,0.0,4.395,0.087,0.0
175,까르보나라 떡볶이와 함께 라면티백~,420.65,527.805,18.43,19.18,8.812,45.773,23.016,0.45,579.8,2.14,494.0,1115.75,2190.45,275.0,275.0,0.0,0.247,0.826,1.837,8.04,0.0,48.5,10.878,0.7,12.0
176,매운 참치 볶음밥~*,0.0,0.0,0.0,0.0,0.0,0.0,0.0,0.0,0.0,0.0,0.0,0.0,0.0,0.0,0.0,0.0,0.0,0.0,0.0,0.0,0.0,0.0,0.0,0.0,0.0
177,가래떡강정,0.0,0.0,0.0,0.0,0.0,0.0,0.0,0.0,0.0,0.0,0.0,0.0,0.0,0.0,0.0,0.0,0.0,0.0,0.0,0.0,0.0,0.0,0.0,0.0,0.0
178,치즈소스에 찍어먹는 고구마후렌치후라이,0.0,0.0,0.0,0.0,0.0,0.0,0.0,0.0,0.0,0.0,0.0,0.0,0.0,0.0,0.0,0.0,0.0,0.0,0.0,0.0,0.0,0.0,0.0,0.0,0.0
179,간장떡볶이 만들기,112.15,77.79,14.134,3.979,10.117,4.194,0.447,0.63,20.9,1.772,159.45,511.65,3655.9,3.0,3.0,0.0,0.105,0.094,2.464,0.79,0.29,25.75,1.578,0.09,0.0
180,대구전,0.0,0.0,0.0,0.0,0.0,0.0,0.0,0.0,0.0,0.0,0.0,0.0,0.0,0.0,0.0,0.0,0.0,0.0,0.0,0.0,0.0,0.0,0.0,0.0,0.0
181,꼬소한 옥수수부침개 브런치 (feat. 훈제연어),0.8,0.285,0.0,0.0,4.515,0.2,0.0,0.0,7.45,1.32,0.0,6.25,1980.6,0.0,0.0,0.0,0.0,0.0,0.0,0.0,0.0,0.0,0.0,0.0,0.0
182,야채전 만들기 < 간식 >,0.0,0.0,0.0,0.0,0.0,0.0,0.0,0.0,0.0,0.0,0.0,0.0,0.0,0.0,0.0,0.0,0.0,0.0,0.0,0.0,0.0,0.0,0.0,0.0,0.0
183,완두콩치즈 디져트 만들기,598.6,48.48,15.888,21.852,3.432,90.396,53.84,7.6,141.2,6.152,560.6,721.0,138.0,295.0,295.0,0.0,0.34,0.802,0.612,12.48,0.0,0.0,0.048,0.0,0.0
184,단짠단짠 '간장떡볶이',565.75,421.52,35.252,25.603,10.884,82.153,27.942,0.12,56.55,5.838,361.45,1526.7,2484.5,6.15,6.0,1.65,0.332,1.2,12.291,1.1,0.58,51.5,5.338,0.223,0.0
185,오므라이스 만드는 법 소스 양념 황금비율 레시피,41.7,80.79,1.313,0.747,2.911,8.239,1.725,1.72,26.48,1.356,37.5,270.5,977.64,162.16,0.0,1943.0,0.048,0.048,0.659,4.44,0.0,0.0,0.051,0.0,2.4
186,단호박 요리 / 단호박 조림,380.0,1.7,0.12,0.02,0.2,97.97,92.85,0.0,48.0,0.69,1.0,94.0,18.0,0.0,0.0,0.0,0.0,0.0,0.0,0.0,0.0,0.0,0.0,0.0,0.0
187,귤병조림만들기 맛없는귤처리하기,760.0,3.4,0.24,0.04,0.4,195.94,185.7,0.0,96.0,1.38,2.0,188.0,36.0,0.0,0.0,0.0,0.0,0.0,0.0,0.0,0.0,0.0,0.0,0.0,0.0
188,참치캔으로 간단하게 혼밥하기 좋은 참치김치볶음밥♪,7.65,15.885,1.332,0.007,4.727,0.556,0.065,0.09,8.775,0.149,27.225,147.825,1799.775,0.0,0.0,0.0,0.032,0.025,0.196,0.0,0.0,0.0,0.0,0.0,0.0
189,새우볶음밥,0.0,0.0,0.0,0.0,0.0,0.0,0.0,0.0,0.0,0.0,0.0,0.0,0.0,0.0,0.0,0.0,0.0,0.0,0.0,0.0,0.0,0.0,0.0,0.0,0.0
190,기름 3숟가락으로 오독오독! 휴게소 음식 고구마 스틱 만들기,46.64,188.428,0.96,0.22,4.312,10.08,0.0,9.0,255.96,1.956,16.0,67.0,1590.48,18.0,0.0,222.0,0.0,0.02,0.0,0.0,0.0,0.0,0.08,0.0,0.0
191,게살볶음밥 초간단한 한그릇음식~#,137.55,0.03,0.0,14.938,0.01,0.021,0.0,0.0,6.45,0.262,14.85,8.4,2.4,0.15,0.0,1.65,0.0,0.01,0.0,0.0,0.0,0.0,2.198,0.044,0.0
192,"떡국떡 오꼬노미야끼:재미난 식감, 그리고 간단하게 한끼 때우는 즐거움",0.0,0.0,0.0,0.0,0.0,0.0,0.0,0.0,0.0,0.0,0.0,0.0,0.0,0.0,0.0,0.0,0.0,0.0,0.0,0.0,0.0,0.0,0.0,0.0,0.0
193,어린이 갈릭베이컨볶음밥,150.14,22.608,0.494,15.032,0.23,2.637,0.605,0.7,5.54,0.097,15.0,77.8,15.29,59.8,0.0,716.4,0.013,0.013,0.193,0.096,0.0,0.0,1.512,0.104,0.0
194,"백 선생 집밥 3, 대패 삼겹살 덮밥",0.0,0.0,0.0,0.0,0.0,0.0,0.0,0.0,0.0,0.0,0.0,0.0,0.0,0.0,0.0,0.0,0.0,0.0,0.0,0.0,0.0,0.0,0.0,0.0,0.0
195,밥솥으로 만든 옥수수전,119.4,134.91,2.568,0.453,14.475,27.595,13.927,0.0,44.55,4.663,79.65,32.85,5944.5,0.0,0.0,0.0,0.255,0.15,0.3,33.0,0.0,0.0,0.0,0.0,0.0
196,써니사이드업 치즈 크레이프,1186.24,301.14,49.378,67.543,7.524,90.915,22.167,0.0,601.434,17.399,1665.15,496.975,1082.735,995.0,995.0,0.0,1.06,2.604,2.1,1.6,0.0,19.4,4.34,0.28,0.0
197,딸기크레페 / strawberry crepe,646.0,183.5,2.92,1.84,1.235,160.52,141.335,0.0,148.0,1.66,84.0,446.5,48.0,29.0,27.5,18.0,0.04,0.111,0.6,123.4,0.0,4.85,1.085,0.07,3.0
198,정말 맛있는 간단 밤조림 만들기,1342.27,372.574,24.557,0.703,10.976,308.19,10.077,44.1,144.48,10.349,519.2,3462.95,799.39,14.0,0.0,126.0,4.34,0.843,7.038,70.0,0.0,0.0,0.002,0.0,217.0
199,늙은호박 꿀조림,69.62,1.724,0.05,0.004,1.873,18.35,16.003,0.0,8.78,0.611,0.9,32.2,794.14,0.0,0.0,0.0,0.0,0.142,0.025,0.0,0.0,0.0,0.001,0.0,0.0
200,TV요리) 가지덮밥 ! 우리집에서도 먹혔다,19.0,94.0,1.0,0.1,0.5,4.4,1.94,3.4,17.0,0.32,27.0,179.0,1.0,10.0,0.0,125.0,0.02,0.086,0.33,0.0,0.0,0.0,0.03,0.0,0.0
201,참치 양배추전을 이용한 피자? 오꼬노미야끼!,1.2,0.428,0.0,0.0,6.772,0.3,0.0,0.0,11.175,1.98,0.0,9.375,2970.9,0.0,0.0,0.0,0.0,0.0,0.0,0.0,0.0,0.0,0.0,0.0,0.0
202,두부시금치전 오늘저녁반찬 아이간식으로 최고,0.0,0.0,0.0,0.0,0.0,0.0,0.0,0.0,0.0,0.0,0.0,0.0,0.0,0.0,0.0,0.0,0.0,0.0,0.0,0.0,0.0,0.0,0.0,0.0,0.0
203,"짜장떡볶이, 간단한 야식 & 아이들 간식 추천",293.6,77.872,18.425,13.749,4.156,22.414,20.935,0.06,23.65,0.984,185.375,419.7,1255.9,9.0,9.0,0.0,0.491,0.16,5.63,1.7,0.98,69.8,4.53,0.09,0.0
204,비 오지 않는 날의 “절편 김치부침개”,451.09,315.102,26.136,20.336,3.718,52.711,0.0,0.0,131.241,9.26,822.16,989.36,165.36,295.0,295.0,0.0,1.27,1.09,4.1,3.0,0.0,0.0,0.0,0.0,69.0
205,고추장볶음밥,185.85,1.89,1.993,16.239,0.794,9.093,2.617,5.655,23.1,1.54,76.95,394.65,3.75,92.85,0.0,1113.3,0.064,0.333,1.264,0.0,0.0,0.0,1.366,0.069,0.0
206,아이도 어른도 한 그릇 뚝딱~!삼겹살덮밥♥,137.7,86.34,3.541,1.06,3.744,30.327,0.462,3.05,41.95,1.4,95.55,256.25,1205.35,8.5,0.0,99.0,0.03,0.201,0.498,15.95,0.429,0.0,0.07,0.0,0.0
207,청양고추 표고버섯 전 부치는 법,70.0,164.8,6.0,1.4,1.8,26.0,0.0,0.0,10.0,1.2,68.0,492.0,12.0,0.0,0.0,0.0,0.12,0.54,4.0,0.0,0.0,0.0,0.0,0.0,0.0
208,부추를 넣은 오코노미야끼:D,913.0,665.5,38.585,47.775,10.775,87.345,7.425,10.45,400.5,13.925,1248.0,1151.5,2195.0,652.5,590.0,746.0,0.99,1.939,2.62,102.3,0.0,0.0,0.235,0.0,24.0
209,두 가지 전을 한 번에! 부추김치전,12.0,46.4,0.765,0.175,0.235,2.405,0.845,0.75,22.5,0.135,15.0,135.5,0.0,45.5,0.0,548.0,0.02,0.054,0.03,7.6,0.0,0.0,0.025,0.0,0.0
210,실패없는 김치볶음밥이 만들고 싶다면 요기로 컴컴!,233.25,1.065,2.715,23.444,0.7,2.076,0.0,0.0,189.9,3.113,110.85,8.4,2.4,0.15,0.0,1.65,0.076,0.032,0.0,0.0,0.0,0.0,2.198,0.044,0.0
211,브런치 단감토스트와 키위샐러드,685.0,84.085,28.806,40.601,3.21,48.298,4.642,0.0,246.4,11.234,998.05,134.7,276.9,590.0,590.0,0.0,0.68,1.52,1.0,0.0,0.0,0.0,0.0,0.0,0.0
212,가을 보늬밤 만들기,6.8,14.12,1.184,0.006,4.202,0.494,0.058,0.08,7.8,0.132,24.2,131.4,1599.8,0.0,0.0,0.0,0.028,0.022,0.174,0.0,0.0,0.0,0.0,0.0,0.0
213,복숭아 맛있게 먹기 - 수제 복숭아조림,196.0,347.2,2.96,3.16,1.96,44.72,40.84,0.0,4.0,0.76,84.0,952.0,0.0,0.0,0.0,0.0,0.56,0.048,0.36,18.8,0.0,0.0,0.04,0.0,72.0
214,김치오징어덮밥,80.0,79.6,2.28,2.54,0.74,14.84,2.1,0.0,6.0,0.48,56.0,333.0,0.0,0.0,0.0,0.0,0.13,0.01,0.28,3.8,0.0,0.0,0.02,0.0,12.0
215,노릇노릇 고소한 옥수수전,333.0,42.0,14.4,20.3,1.6,21.7,0.0,0.0,122.0,5.6,499.0,65.0,138.0,295.0,295.0,0.0,0.34,0.76,0.5,0.0,0.0,0.0,0.0,0.0,0.0
216,백주부 옥수수전,0.0,0.0,0.0,0.0,0.0,0.0,0.0,0.0,0.0,0.0,0.0,0.0,0.0,0.0,0.0,0.0,0.0,0.0,0.0,0.0,0.0,0.0,0.0,0.0,0.0
217,김치요리 - 콩나물 김치전 레시피,357.0,65.88,15.084,21.062,1.822,26.152,0.63,0.0,123.8,5.744,515.8,164.9,138.0,295.0,295.0,0.0,0.379,0.763,0.584,1.14,0.0,0.0,0.006,0.0,3.6
218,고소하게 맛보는 퓨전 치즈 감자전,474.0,472.8,14.04,0.54,5.4,107.22,0.0,11.4,30.0,2.94,300.0,2106.0,6.0,6.0,0.0,48.0,0.72,0.312,0.66,0.0,0.0,0.0,0.12,0.0,0.0
219,단호박 오꼬노미야끼,39.0,89.7,3.38,1.77,0.55,4.6,0.73,3.4,59.0,1.15,99.0,94.0,8.0,17.0,0.0,198.0,0.0,0.3,0.52,31.9,0.0,0.0,0.11,0.0,0.0
220,중국집요리사 빙의!![춘장짜장밥],466.9,153.87,40.273,31.602,2.208,0.0,0.0,0.0,16.1,1.679,384.1,690.0,119.6,20.7,20.7,0.0,1.081,0.331,12.65,3.91,2.254,160.54,10.419,0.207,0.0
221,"뚝딱 요리, 한 끼 식사로 딱! 치즈 볶음밥",0.0,0.0,0.0,0.0,0.0,0.0,0.0,0.0,0.0,0.0,0.0,0.0,0.0,0.0,0.0,0.0,0.0,0.0,0.0,0.0,0.0,0.0,0.0,0.0,0.0
222,"매콤한 ""제육덮밥/제육볶음""♪",175.7,83.35,6.267,5.06,2.297,33.026,7.335,11.31,29.7,1.947,158.6,1095.3,3.9,184.2,0.0,2208.9,0.259,0.658,2.809,3.8,0.0,0.0,0.464,0.015,12.0
223,감자채로 만드는 치즈 감자전,79.0,78.8,2.34,0.09,0.9,17.87,0.0,1.9,5.0,0.49,50.0,351.0,1.0,1.0,0.0,8.0,0.12,0.052,0.11,0.0,0.0,0.0,0.02,0.0,0.0
224,카레떡볶이,256.65,11.13,0.924,14.949,3.222,29.782,27.898,0.06,26.7,0.568,33.3,135.15,1207.65,0.15,0.0,1.65,0.021,0.027,0.13,0.0,0.0,0.0,2.198,0.044,0.0
225,새우가 칠리칠리해 ★ 칠리새우덮밥 ★,62.1,10.845,0.906,0.008,3.182,15.066,13.971,0.06,13.05,0.202,18.3,112.65,1202.55,0.0,0.0,0.0,0.021,0.016,0.13,0.0,0.0,0.0,0.0,0.0,0.0
226,궁중떡볶이 황금레시피 황금육수가 꼭 있어야.,0.0,0.0,0.0,0.0,0.0,0.0,0.0,0.0,0.0,0.0,0.0,0.0,0.0,0.0,0.0,0.0,0.0,0.0,0.0,0.0,0.0,0.0,0.0,0.0,0.0
227,단호박 조림 만들기,0.0,0.0,0.0,0.0,0.0,0.0,0.0,0.0,0.0,0.0,0.0,0.0,0.0,0.0,0.0,0.0,0.0,0.0,0.0,0.0,0.0,0.0,0.0,0.0,0.0
228,참치 유부주머니,12.4,36.48,0.388,0.052,0.276,2.804,0.956,1.04,10.0,0.096,15.6,106.4,6.4,119.6,0.0,1432.8,0.012,0.021,0.34,0.0,0.0,0.0,0.012,0.0,0.0
229,든든한 한끼 불고기덮밥,157.9,88.06,4.592,0.044,16.17,36.18,30.164,0.62,44.45,0.73,96.65,576.15,6004.65,0.0,0.0,0.0,0.121,0.111,0.704,0.88,0.0,0.0,0.004,0.0,5.2
230,정또띠 만드는법,0.0,0.0,0.0,0.0,0.0,0.0,0.0,0.0,0.0,0.0,0.0,0.0,0.0,0.0,0.0,0.0,0.0,0.0,0.0,0.0,0.0,0.0,0.0,0.0,0.0
231,초간단 오꼬노미야끼 만들기,0.0,0.0,0.0,0.0,0.0,0.0,0.0,0.0,0.0,0.0,0.0,0.0,0.0,0.0,0.0,0.0,0.0,0.0,0.0,0.0,0.0,0.0,0.0,0.0,0.0
232,비 오는날 내맘대로 오코노미야끼~~,0.0,0.0,0.0,0.0,0.0,0.0,0.0,0.0,0.0,0.0,0.0,0.0,0.0,0.0,0.0,0.0,0.0,0.0,0.0,0.0,0.0,0.0,0.0,0.0,0.0
233,연어 김치부침개,0.0,0.0,0.0,0.0,0.0,0.0,0.0,0.0,0.0,0.0,0.0,0.0,0.0,0.0,0.0,0.0,0.0,0.0,0.0,0.0,0.0,0.0,0.0,0.0,0.0
234,찹쌀부꾸미 만드는법,726.0,24.6,14.94,5.6,2.34,152.46,2.68,13.0,32.0,1.76,560.0,654.0,2.0,22.0,0.0,270.0,0.0,0.182,0.0,0.0,0.0,0.0,1.08,0.02,0.0
235,고소한 옥수수전 통조림,1.6,0.57,0.0,0.0,9.03,0.4,0.0,0.0,14.9,2.64,0.0,12.5,3961.2,0.0,0.0,0.0,0.0,0.0,0.0,0.0,0.0,0.0,0.0,0.0,0.0
236,열무김치로 김치볶음밥 만들기,0.0,0.0,0.0,0.0,0.0,0.0,0.0,0.0,0.0,0.0,0.0,0.0,0.0,0.0,0.0,0.0,0.0,0.0,0.0,0.0,0.0,0.0,0.0,0.0,0.0
237,소시지볶음밥,238.0,237.2,6.96,2.72,2.54,50.58,2.1,3.8,16.0,1.46,156.0,1035.0,2.0,2.0,0.0,16.0,0.37,0.114,0.5,3.8,0.0,0.0,0.06,0.0,12.0
238,"비 오는날 무조건 먹어야지, 쫀득쫀득 감자부침개",101.0,172.5,4.88,2.64,1.34,18.64,2.1,0.0,45.0,8.98,117.0,333.0,0.0,7.0,0.0,82.0,0.17,0.25,0.48,11.8,0.0,0.0,0.02,0.0,12.0
239,일본 빈대떡 오코노 미야끼,195.0,448.5,16.9,8.85,2.75,23.0,3.65,17.0,295.0,5.75,495.0,470.0,40.0,85.0,0.0,990.0,0.0,1.5,2.6,159.5,0.0,0.0,0.55,0.0,0.0
240,"얇게 채썬 단호박을 바싹하게 부쳐주었지요. 단호박전,호박전",0.0,0.0,0.0,0.0,0.0,0.0,0.0,0.0,0.0,0.0,0.0,0.0,0.0,0.0,0.0,0.0,0.0,0.0,0.0,0.0,0.0,0.0,0.0,0.0,0.0
241,치즈 김치 부침개 만드는법 바삭하고 고소하게,0.0,0.0,0.0,0.0,0.0,0.0,0.0,0.0,0.0,0.0,0.0,0.0,0.0,0.0,0.0,0.0,0.0,0.0,0.0,0.0,0.0,0.0,0.0,0.0,0.0
242,노릇노릇 맛있게 ♥ 만꼬노미야끼,0.0,0.0,0.0,0.0,0.0,0.0,0.0,0.0,0.0,0.0,0.0,0.0,0.0,0.0,0.0,0.0,0.0,0.0,0.0,0.0,0.0,0.0,0.0,0.0,0.0
243,통조림 저리가 첨가물 없고 맛있는 복숭아 병조림,0.0,0.0,0.0,0.0,0.0,0.0,0.0,0.0,0.0,0.0,0.0,0.0,0.0,0.0,0.0,0.0,0.0,0.0,0.0,0.0,0.0,0.0,0.0,0.0,0.0
244,복숭아 조림,0.0,0.0,0.0,0.0,0.0,0.0,0.0,0.0,0.0,0.0,0.0,0.0,0.0,0.0,0.0,0.0,0.0,0.0,0.0,0.0,0.0,0.0,0.0,0.0,0.0
245,아삭 식감 오이사과샐러드 만들기 오이요리,213.9,0.93,4.38,20.64,0.54,3.51,0.75,2.25,25.5,0.78,84.0,162.0,1.2,0.0,0.0,0.0,0.078,0.045,0.3,0.0,0.0,0.0,2.061,0.0,0.0
246,대패삼겹살 김치볶음덮밥 만드는법,16.75,0.91,0.664,0.42,4.774,3.231,0.872,1.885,11.4,1.564,17.1,133.3,1981.25,30.7,0.0,368.15,0.022,0.108,0.422,0.0,0.0,0.0,0.074,0.003,0.0
247,라면 오코노미야키,333.0,42.0,14.4,20.3,1.6,21.7,0.0,0.0,122.0,5.6,499.0,65.0,138.0,295.0,295.0,0.0,0.34,0.76,0.5,0.0,0.0,0.0,0.0,0.0,0.0
248,쫄깃쫄깃 고소한 문어전,0.0,0.0,0.0,0.0,0.0,0.0,0.0,0.0,0.0,0.0,0.0,0.0,0.0,0.0,0.0,0.0,0.0,0.0,0.0,0.0,0.0,0.0,0.0,0.0,0.0
249,밥도둑 굴비 밥전 만들기,45.85,0.01,0.0,4.98,0.004,0.007,0.0,0.0,2.15,0.088,4.95,2.8,0.8,0.05,0.0,0.55,0.0,0.004,0.0,0.0,0.0,0.0,0.732,0.014,0.0
250,오리훈제 김치볶음밥,0.0,0.0,0.0,0.0,0.0,0.0,0.0,0.0,0.0,0.0,0.0,0.0,0.0,0.0,0.0,0.0,0.0,0.0,0.0,0.0,0.0,0.0,0.0,0.0,0.0
251,오징어 미나리전 만들기,44.0,186.2,1.8,0.32,1.38,10.3,2.86,6.2,68.0,0.58,98.0,534.0,12.0,52.0,0.0,616.0,0.02,0.186,0.72,3.8,0.0,0.0,0.08,0.0,0.0
252,참나물 부침개,355.0,134.8,15.79,20.53,2.64,26.24,0.0,2.7,190.0,6.15,538.0,477.0,154.0,413.0,295.0,1418.0,0.34,0.843,0.79,9.0,0.0,0.0,0.05,0.0,0.0
253,화끈하게 매운 오징어볶음 덮밥,0.0,0.0,0.0,0.0,0.0,0.0,0.0,0.0,0.0,0.0,0.0,0.0,0.0,0.0,0.0,0.0,0.0,0.0,0.0,0.0,0.0,0.0,0.0,0.0,0.0
254,[ 심야레시피 ] 당뇨에 좋은 봄나물 감자전 / 오늘도 고생한 나에게#7,207.5,291.75,8.625,0.62,3.045,45.96,1.445,10.85,154.0,7.75,196.5,1043.0,10.5,132.5,0.0,1578.5,0.275,0.356,1.005,18.85,0.0,0.0,0.145,0.0,3.0
255,폭신폭신한~ 햄김치전,0.0,0.0,0.0,0.0,0.0,0.0,0.0,0.0,0.0,0.0,0.0,0.0,0.0,0.0,0.0,0.0,0.0,0.0,0.0,0.0,0.0,0.0,0.0,0.0,0.0
256,친절한 정발쌤과 10분만에 만드는~생생 오꼬노미야끼!,0.0,0.0,0.0,0.0,0.0,0.0,0.0,0.0,0.0,0.0,0.0,0.0,0.0,0.0,0.0,0.0,0.0,0.0,0.0,0.0,0.0,0.0,0.0,0.0,0.0
257,곤드레나물밥,287.75,22.185,3.346,28.202,6.814,4.471,0.96,2.005,92.35,2.374,120.95,343.25,2403.75,31.55,0.0,378.1,0.089,0.164,0.682,0.0,0.0,0.0,2.684,0.093,0.0
258,마카로니 옥수수콘요리 야채샐러드 만드는법,38.32,0.284,0.012,0.002,1.826,9.877,9.285,0.0,7.78,0.597,0.1,11.9,794.04,0.0,0.0,0.0,0.0,0.0,0.0,0.0,0.0,0.0,0.0,0.0,0.0
259,비비빅으로 빙수를?! 야간매점 신보라 메뉴 비빙수 레시피,0.0,0.0,0.0,0.0,0.0,0.0,0.0,0.0,0.0,0.0,0.0,0.0,0.0,0.0,0.0,0.0,0.0,0.0,0.0,0.0,0.0,0.0,0.0,0.0,0.0
260,팟카파오무쌉(태국식 고기볶음덮밥),0.0,0.0,0.0,0.0,0.0,0.0,0.0,0.0,0.0,0.0,0.0,0.0,0.0,0.0,0.0,0.0,0.0,0.0,0.0,0.0,0.0,0.0,0.0,0.0,0.0
261,오징어부추 부침개,0.0,0.0,0.0,0.0,0.0,0.0,0.0,0.0,0.0,0.0,0.0,0.0,0.0,0.0,0.0,0.0,0.0,0.0,0.0,0.0,0.0,0.0,0.0,0.0,0.0
262,단호박채 전만들기,0.0,0.0,0.0,0.0,0.0,0.0,0.0,0.0,0.0,0.0,0.0,0.0,0.0,0.0,0.0,0.0,0.0,0.0,0.0,0.0,0.0,0.0,0.0,0.0,0.0
263,향긋한 오징어쑥갓밥전,687.0,176.8,30.9,40.9,4.2,47.2,0.0,2.9,353.0,11.82,1041.0,385.0,411.0,861.0,590.0,3251.0,0.69,1.579,1.13,5.5,0.0,0.0,0.05,0.0,0.0
264,"동태전, 고추전, 깻잎전",1022.0,322.3,69.21,64.06,5.22,36.54,2.1,0.0,149.0,8.27,1056.0,1298.0,294.0,322.0,322.0,0.0,1.88,1.202,17.28,8.9,2.94,209.4,13.61,0.27,12.0
265,연어 김치전 (김치부침개),333.0,42.0,14.4,20.3,1.6,21.7,0.0,0.0,122.0,5.6,499.0,65.0,138.0,295.0,295.0,0.0,0.34,0.76,0.5,0.0,0.0,0.0,0.0,0.0,0.0
266,필수아미노산이 풍부한 꼬막 김치전,0.0,0.0,0.0,0.0,0.0,0.0,0.0,0.0,0.0,0.0,0.0,0.0,0.0,0.0,0.0,0.0,0.0,0.0,0.0,0.0,0.0,0.0,0.0,0.0,0.0
267,달걀채소전,1665.0,210.0,72.0,101.5,8.0,108.5,0.0,0.0,610.0,28.0,2495.0,325.0,690.0,1475.0,1475.0,0.0,1.7,3.8,2.5,0.0,0.0,0.0,0.0,0.0,0.0
268,김치콩나물전 아삭한 콩나물과 톡톡 터지는옥수수콘 김치전,0.0,0.0,0.0,0.0,0.0,0.0,0.0,0.0,0.0,0.0,0.0,0.0,0.0,0.0,0.0,0.0,0.0,0.0,0.0,0.0,0.0,0.0,0.0,0.0,0.0
269,소박하지만 맛있는♥효리네민박 달걀볶음밥,666.0,84.0,28.8,40.6,3.2,43.4,0.0,0.0,244.0,11.2,998.0,130.0,276.0,590.0,590.0,0.0,0.68,1.52,1.0,0.0,0.0,0.0,0.0,0.0,0.0
270,훈제연어 오이 까나페,12.0,96.1,0.95,0.04,0.39,2.55,1.77,0.8,34.0,0.18,23.0,161.0,2.0,15.0,0.0,184.0,0.04,0.036,0.2,3.4,0.0,0.0,0.01,0.0,0.0
271,초간단 디저트요리! 캬라멜 우유푸딩만들기!!,1138.0,260.33,35.068,47.258,4.72,142.633,91.805,0.0,513.2,11.921,1166.9,500.6,364.2,700.0,700.0,0.0,0.72,1.844,1.6,1.6,0.0,19.4,4.34,0.28,0.0
272,밥솥으로 만드는 뉴욕치즈케이크,951.0,85.275,28.89,40.615,3.35,116.878,69.637,0.0,280.0,11.718,998.75,200.5,289.5,590.0,590.0,0.0,0.68,1.52,1.0,0.0,0.0,0.0,0.0,0.0,0.0
273,치즈떡볶이,104.85,2.13,2.011,1.263,0.809,23.788,16.545,5.655,19.05,0.837,51.45,395.25,4.65,92.1,0.0,1104.45,0.064,0.324,1.264,0.0,0.0,0.0,0.222,0.008,0.0
274,중화풍 데리야끼 오징어덮밥,0.0,0.0,0.0,0.0,0.0,0.0,0.0,0.0,0.0,0.0,0.0,0.0,0.0,0.0,0.0,0.0,0.0,0.0,0.0,0.0,0.0,0.0,0.0,0.0,0.0
275,김치참치전,0.0,0.0,0.0,0.0,0.0,0.0,0.0,0.0,0.0,0.0,0.0,0.0,0.0,0.0,0.0,0.0,0.0,0.0,0.0,0.0,0.0,0.0,0.0,0.0,0.0
276,"고소하니 맛있는 참치두부김치전, 두부김치전",0.0,0.0,0.0,0.0,0.0,0.0,0.0,0.0,0.0,0.0,0.0,0.0,0.0,0.0,0.0,0.0,0.0,0.0,0.0,0.0,0.0,0.0,0.0,0.0,0.0
277,부추 감자전,91.0,125.2,3.105,0.265,1.135,20.275,0.845,2.65,27.5,0.625,65.0,486.5,1.0,46.5,0.0,556.0,0.14,0.106,0.14,7.6,0.0,0.0,0.045,0.0,0.0
278,아보카도 채소 비빔밥,402.4,123.28,16.466,20.398,2.458,37.398,0.478,2.04,131.0,6.04,546.8,399.0,142.0,355.6,295.0,722.8,0.442,0.812,0.758,0.0,0.0,0.0,0.022,0.0,0.0
279,아삭아삭 새콤하니 맛있다! 깍두기 볶음밥,0.0,0.0,0.0,0.0,0.0,0.0,0.0,0.0,0.0,0.0,0.0,0.0,0.0,0.0,0.0,0.0,0.0,0.0,0.0,0.0,0.0,0.0,0.0,0.0,0.0
280,오꼬노미야끼,0.0,0.0,0.0,0.0,0.0,0.0,0.0,0.0,0.0,0.0,0.0,0.0,0.0,0.0,0.0,0.0,0.0,0.0,0.0,0.0,0.0,0.0,0.0,0.0,0.0
281,토마토전,52.0,183.6,1.88,0.12,1.4,13.0,7.7,3.4,16.0,0.56,58.0,658.0,14.0,96.0,0.0,1144.0,0.02,0.042,0.7,35.0,0.0,0.0,0.04,0.0,0.0
282,두부 김치 동그랑땡,0.0,0.0,0.0,0.0,0.0,0.0,0.0,0.0,0.0,0.0,0.0,0.0,0.0,0.0,0.0,0.0,0.0,0.0,0.0,0.0,0.0,0.0,0.0,0.0,0.0
283,영양 가득 달콤한 복숭아전 :-)-,0.0,0.0,0.0,0.0,0.0,0.0,0.0,0.0,0.0,0.0,0.0,0.0,0.0,0.0,0.0,0.0,0.0,0.0,0.0,0.0,0.0,0.0,0.0,0.0,0.0
284,쫀득 쫀득 고소한~ 맛살 통깨전,0.0,0.0,0.0,0.0,0.0,0.0,0.0,0.0,0.0,0.0,0.0,0.0,0.0,0.0,0.0,0.0,0.0,0.0,0.0,0.0,0.0,0.0,0.0,0.0,0.0
285,두부카레볶음밥,59.4,43.68,3.0,0.162,0.828,12.33,1.266,1.8,5.4,0.36,72.0,246.0,119.4,0.0,0.0,0.0,0.066,0.024,0.228,0.96,0.0,0.0,0.03,0.0,0.0
286,김치 햄 볶음밥..,1470.0,168.015,57.6,96.179,6.415,86.8,0.0,0.0,499.25,23.207,2021.65,273.5,553.8,1180.75,1180.0,8.85,1.36,3.049,2.0,0.0,0.0,0.0,1.144,0.061,0.0
287,매쉬드 포테이토,177.5,183.82,5.604,1.176,2.001,37.399,1.236,3.8,43.9,0.995,125.2,744.9,12.8,18.5,16.5,16.0,0.246,0.153,0.31,0.24,0.0,2.91,0.691,0.042,0.0
288,계란 푸딩 만들기,285.0,1.275,0.09,0.015,0.15,73.477,69.637,0.0,36.0,0.518,0.75,70.5,13.5,0.0,0.0,0.0,0.0,0.0,0.0,0.0,0.0,0.0,0.0,0.0,0.0
289,직접 키운 방아잎과 부추로 만든 방아잎 부추전,12.0,46.4,0.765,0.175,0.235,2.405,0.845,0.75,22.5,0.135,15.0,135.5,0.0,45.5,0.0,548.0,0.02,0.054,0.03,7.6,0.0,0.0,0.025,0.0,0.0
290,홍합 파전 만들기,0.0,0.0,0.0,0.0,0.0,0.0,0.0,0.0,0.0,0.0,0.0,0.0,0.0,0.0,0.0,0.0,0.0,0.0,0.0,0.0,0.0,0.0,0.0,0.0,0.0
291,점심에 간단하게 세발나물 부침개 만들어 먹었어요~~~~,55.9,114.32,2.445,1.208,1.187,10.84,1.796,2.94,63.9,0.698,60.5,351.1,130.9,291.1,0.0,3487.8,0.224,0.073,0.577,2.92,0.0,0.0,0.045,0.0,4.8
292,족발볶음밥 - 남은 족발 요리,0.0,0.0,0.0,0.0,0.0,0.0,0.0,0.0,0.0,0.0,0.0,0.0,0.0,0.0,0.0,0.0,0.0,0.0,0.0,0.0,0.0,0.0,0.0,0.0,0.0
293,김치리조또 - 백종원 김치 리소토,0.0,0.0,0.0,0.0,0.0,0.0,0.0,0.0,0.0,0.0,0.0,0.0,0.0,0.0,0.0,0.0,0.0,0.0,0.0,0.0,0.0,0.0,0.0,0.0,0.0
294,찬밥요리♣ 남은 찬밥으로 만드는 야채 + 찬밥 요리,0.0,0.0,0.0,0.0,0.0,0.0,0.0,0.0,0.0,0.0,0.0,0.0,0.0,0.0,0.0,0.0,0.0,0.0,0.0,0.0,0.0,0.0,0.0,0.0,0.0
295,느끼하지 않은 오꼬노미야끼,333.0,42.0,14.4,20.3,1.6,21.7,0.0,0.0,122.0,5.6,499.0,65.0,138.0,295.0,295.0,0.0,0.34,0.76,0.5,0.0,0.0,0.0,0.0,0.0,0.0
296,단호박전,18.0,113.64,1.428,0.096,0.96,3.876,0.0,1.2,228.0,0.924,22.8,237.6,0.0,108.0,0.0,1300.8,0.36,0.09,0.144,129.6,0.0,0.0,0.024,0.0,0.0
297,한그릇요리 매콤 연어덮밥,0.0,0.0,0.0,0.0,0.0,0.0,0.0,0.0,0.0,0.0,0.0,0.0,0.0,0.0,0.0,0.0,0.0,0.0,0.0,0.0,0.0,0.0,0.0,0.0,0.0
298,[초간단 요리] 스팸 김치 볶음밥 만드는 방법 kimchi fried rice,666.0,84.0,28.8,40.6,3.2,43.4,0.0,0.0,244.0,11.2,998.0,130.0,276.0,590.0,590.0,0.0,0.68,1.52,1.0,0.0,0.0,0.0,0.0,0.0,0.0
299,"감자부침개, 감자채부침개, 비오는날은 부침개!!",158.8,157.885,4.68,0.18,6.315,35.94,0.0,3.8,17.45,2.3,100.0,708.25,1982.6,2.0,0.0,16.0,0.24,0.104,0.22,0.0,0.0,0.0,0.04,0.0,0.0
300,고소한 옥수수전 콘옥수수 요리~,0.0,0.0,0.0,0.0,0.0,0.0,0.0,0.0,0.0,0.0,0.0,0.0,0.0,0.0,0.0,0.0,0.0,0.0,0.0,0.0,0.0,0.0,0.0,0.0,0.0
301,혼밥계의 대통령 밥버거! 간단하지만 든든한 한끼 스팸밥버거,194.55,0.285,0.018,14.942,0.04,14.716,13.927,0.0,13.65,0.366,15.0,22.5,5.1,0.15,0.0,1.65,0.0,0.01,0.0,0.0,0.0,0.0,2.198,0.044,0.0
302,밥솥 초콜렛 브라우니,970.2,85.431,28.896,40.616,4.489,121.826,74.28,0.0,284.263,12.082,998.8,206.762,785.55,590.0,590.0,0.0,0.68,1.52,1.0,0.0,0.0,0.0,0.0,0.0,0.0
303,부들부들 단호박에 고소한 견과류 듬뿍 단호박견과류찜,1195.425,66.79,23.0,26.4,9.291,247.019,194.341,34.15,287.75,4.576,620.8,2840.175,7.225,12.5,0.0,133.5,0.425,3.446,4.686,56.4,0.0,0.0,2.107,0.05,27.0
304,집밥백선생3 백종원 대패삼겹살덮밥~한그릇,10.2,21.18,1.776,0.009,6.303,0.741,0.087,0.12,11.7,0.198,36.3,197.1,2399.7,0.0,0.0,0.0,0.042,0.033,0.261,0.0,0.0,0.0,0.0,0.0,0.0
305,콩부침개 만들기,1.2,0.428,0.0,0.0,6.772,0.3,0.0,0.0,11.175,1.98,0.0,9.375,2970.9,0.0,0.0,0.0,0.0,0.0,0.0,0.0,0.0,0.0,0.0,0.0,0.0
306,향긋한 부추향이솔솔~ 부추새우감자전,508.1,256.59,20.733,20.66,6.786,60.216,0.888,4.61,160.35,6.814,632.15,1001.05,1339.85,342.5,295.0,564.0,0.621,0.934,0.881,7.6,0.0,0.0,0.065,0.0,0.0
307,백종원 밥새우 애호박전 만들기,12.0,96.2,0.82,0.07,0.36,2.52,1.35,1.0,19.0,0.66,23.0,86.0,1.0,19.0,0.0,229.0,0.04,0.026,0.3,4.5,0.0,0.0,0.02,0.0,0.0
308,백종원 옥수수전,0.0,0.0,0.0,0.0,0.0,0.0,0.0,0.0,0.0,0.0,0.0,0.0,0.0,0.0,0.0,0.0,0.0,0.0,0.0,0.0,0.0,0.0,0.0,0.0,0.0
309,쫀득하고 고소한 감자부침개,0.0,0.0,0.0,0.0,0.0,0.0,0.0,0.0,0.0,0.0,0.0,0.0,0.0,0.0,0.0,0.0,0.0,0.0,0.0,0.0,0.0,0.0,0.0,0.0,0.0
310,배추오징어전,0.0,0.0,0.0,0.0,0.0,0.0,0.0,0.0,0.0,0.0,0.0,0.0,0.0,0.0,0.0,0.0,0.0,0.0,0.0,0.0,0.0,0.0,0.0,0.0,0.0
311,두부 야채 볶음밥,0.0,0.0,0.0,0.0,0.0,0.0,0.0,0.0,0.0,0.0,0.0,0.0,0.0,0.0,0.0,0.0,0.0,0.0,0.0,0.0,0.0,0.0,0.0,0.0,0.0
312,연유프렌치토스트! 달달한 디저트는 과학이다,2407.0,239.11,79.636,102.306,14.06,294.891,135.655,14.0,676.4,30.407,2663.3,2953.2,697.4,1587.0,1475.0,1340.0,1.84,4.04,5.3,0.0,0.0,0.0,0.3,0.0,0.0
313,"별미 오징어요리, 오징어애호박전 만드는법",0.0,0.0,0.0,0.0,0.0,0.0,0.0,0.0,0.0,0.0,0.0,0.0,0.0,0.0,0.0,0.0,0.0,0.0,0.0,0.0,0.0,0.0,0.0,0.0,0.0
314,버터치즈토스트,114.0,0.51,0.036,0.006,0.06,29.391,27.855,0.0,14.4,0.207,0.3,28.2,5.4,0.0,0.0,0.0,0.0,0.0,0.0,0.0,0.0,0.0,0.0,0.0,0.0
315,집밥 TV) 꽃놀이 대신 봄향기 가득 담은 쑥찹쌀화전,0.0,0.0,0.0,0.0,0.0,0.0,0.0,0.0,0.0,0.0,0.0,0.0,0.0,0.0,0.0,0.0,0.0,0.0,0.0,0.0,0.0,0.0,0.0,0.0,0.0
316,그냥 감자전은 그만! 치즈 감자전 레시피,0.0,0.0,0.0,0.0,0.0,0.0,0.0,0.0,0.0,0.0,0.0,0.0,0.0,0.0,0.0,0.0,0.0,0.0,0.0,0.0,0.0,0.0,0.0,0.0,0.0
317,새우 패티 좋아하는 사람 모여라! 새우너겟 레시피,0.0,0.0,0.0,0.0,0.0,0.0,0.0,0.0,0.0,0.0,0.0,0.0,0.0,0.0,0.0,0.0,0.0,0.0,0.0,0.0,0.0,0.0,0.0,0.0,0.0
318,과일 생크림 까나페,438.0,278.9,6.33,1.23,4.56,108.98,60.63,9.6,82.0,2.22,171.0,1896.0,7.0,65.0,0.0,778.0,0.29,0.217,2.0,250.5,0.0,0.0,0.2,0.0,14.0
319,김치전:묵은지로 김치부침개할때 삼겹살 넣어봐요~,0.0,0.0,0.0,0.0,0.0,0.0,0.0,0.0,0.0,0.0,0.0,0.0,0.0,0.0,0.0,0.0,0.0,0.0,0.0,0.0,0.0,0.0,0.0,0.0,0.0
320,베이비이까(새끼 갑오징어) 고추장찌개,0.0,0.0,0.0,0.0,0.0,0.0,0.0,0.0,0.0,0.0,0.0,0.0,0.0,0.0,0.0,0.0,0.0,0.0,0.0,0.0,0.0,0.0,0.0,0.0,0.0
321,채소즙 가득 얼갈이 된장찌개,158.0,157.6,4.68,0.18,1.8,35.74,0.0,3.8,10.0,0.98,100.0,702.0,2.0,2.0,0.0,16.0,0.24,0.104,0.22,0.0,0.0,0.0,0.04,0.0,0.0
322,손님접대용 김치찌개,66.85,1.96,1.999,1.261,0.789,13.992,7.26,5.655,14.25,0.768,51.35,385.85,2.85,92.1,0.0,1104.45,0.064,0.324,1.264,0.0,0.0,0.0,0.222,0.008,0.0
323,간단 한그릇요리 - 양파 소시지 카레,224.0,245.8,7.7,5.95,2.31,38.24,6.22,1.9,124.0,1.02,190.0,827.0,37.0,56.0,55.0,8.0,0.27,0.224,0.69,4.6,0.0,9.7,2.21,0.14,12.0
324,꽁치김치찌개 끓이기,273.9,134.79,12.987,3.006,4.041,55.176,9.033,16.71,39.9,2.547,318.6,1500.3,362.1,184.2,0.0,2208.9,0.327,0.72,3.213,2.88,0.0,0.0,0.534,0.015,0.0
325,냉이 된장찌개,91.6,101.66,9.17,2.567,5.241,11.368,0.123,9.54,226.2,10.715,162.4,321.9,1549.6,138.3,0.0,1657.1,0.132,0.377,0.604,35.8,0.0,0.0,0.403,0.006,0.0
326,익숙하게 맛있는 '참치두부김치조림' 요리,0.0,0.0,0.0,0.0,0.0,0.0,0.0,0.0,0.0,0.0,0.0,0.0,0.0,0.0,0.0,0.0,0.0,0.0,0.0,0.0,0.0,0.0,0.0,0.0,0.0
327,우럭조림 요거요거 왜이리 담백해♡,37.5,129.59,4.864,0.166,15.966,4.469,1.698,1.42,44.45,0.591,106.75,600.75,6004.85,0.0,0.0,0.0,0.105,0.082,0.804,6.72,0.0,0.0,0.008,0.0,0.0
328,#3대천왕 두부짜박이 만들기,658.15,251.9,9.089,62.024,2.784,39.24,0.132,0.08,61.2,5.069,206.1,801.05,25.2,4.15,0.0,49.25,0.184,0.852,6.007,0.18,0.0,0.0,4.581,0.246,1.4
329,백종원 콩나물불고기,362.55,36.06,6.687,17.478,11.082,48.71,33.22,11.49,62.1,2.234,172.2,1094.55,3611.25,184.35,0.0,2210.55,0.192,0.707,2.92,0.0,0.0,0.0,2.641,0.058,0.0
330,묵은지김치 갈치조림 레시피,19.0,0.085,0.006,0.001,0.01,4.898,4.642,0.0,2.4,0.034,0.05,4.7,0.9,0.0,0.0,0.0,0.0,0.0,0.0,0.0,0.0,0.0,0.0,0.0,0.0
331,뚝불/뚝배기 불고기 쉽게 끓이는법,57.0,0.255,0.018,0.003,0.03,14.696,13.927,0.0,7.2,0.104,0.15,14.1,2.7,0.0,0.0,0.0,0.0,0.0,0.0,0.0,0.0,0.0,0.0,0.0,0.0
332,돼지목살 김치찜 뭉텅찌개 끓이는법,333.0,0.285,0.018,29.961,0.06,14.696,13.927,0.0,29.7,1.717,51.45,41.1,6.3,1.5,0.0,17.7,0.0,0.019,0.0,0.0,0.0,0.0,2.289,0.123,0.0
333,양양이네 집밥 레시피 : 묵은지목살김치찜 밥도둑,137.55,0.03,0.0,14.938,0.01,0.021,0.0,0.0,6.45,0.262,14.85,8.4,2.4,0.15,0.0,1.65,0.0,0.01,0.0,0.0,0.0,0.0,2.198,0.044,0.0
334,김치찜 돼지목살넣고 돌돌말아서~~,0.0,0.0,0.0,0.0,0.0,0.0,0.0,0.0,0.0,0.0,0.0,0.0,0.0,0.0,0.0,0.0,0.0,0.0,0.0,0.0,0.0,0.0,0.0,0.0,0.0
335,모두넣고 끓여요! 삼겹살 묵은지 김치찜,0.0,0.0,0.0,0.0,0.0,0.0,0.0,0.0,0.0,0.0,0.0,0.0,0.0,0.0,0.0,0.0,0.0,0.0,0.0,0.0,0.0,0.0,0.0,0.0,0.0
336,뚝불만들기 :: 뚝배기불고기 간편레시피♪,513.5,199.39,8.712,32.54,20.012,49.376,31.794,1.32,82.8,2.298,212.9,1077.9,7209.3,14.1,0.0,169.5,0.298,0.186,1.147,5.96,0.0,0.0,4.457,0.087,28.8
337,치즈라볶이,109.95,12.72,2.899,1.267,3.96,24.159,16.588,5.715,24.9,0.936,69.6,493.8,1204.5,92.1,0.0,1104.45,0.086,0.34,1.395,0.0,0.0,0.0,0.222,0.008,0.0
338,이런 유부주머니 본 적 있어?? 달걀유부주머니,1389.0,168.255,57.618,81.203,6.43,101.496,13.927,0.0,495.2,22.504,1996.15,274.1,554.7,1180.0,1180.0,0.0,1.36,3.04,2.0,0.0,0.0,0.0,0.0,0.0,0.0
339,"아침엔 누룽지숭늉,간식엔 구운달걀 밥솥으로뚝딱!",1665.0,210.0,72.0,101.5,8.0,108.5,0.0,0.0,610.0,28.0,2495.0,325.0,690.0,1475.0,1475.0,0.0,1.7,3.8,2.5,0.0,0.0,0.0,0.0,0.0,0.0
340,어(漁)동태 찜~탁!,159.65,364.965,6.04,3.427,2.965,30.104,4.761,10.96,288.55,2.444,117.6,611.475,392.4,41.075,0.0,499.525,0.233,0.138,0.471,7.4,0.0,0.0,0.246,0.002,40.0
341,삼겹살과 김치의 만남 삼겹살김치찜,859.85,269.475,72.034,56.22,4.618,9.093,2.617,5.655,39.85,3.653,719.3,1581.15,209.95,128.1,36.0,1104.45,1.944,0.9,23.264,6.8,3.92,279.2,18.342,0.368,0.0
342,묵은지된장찜 만드는법~멸치넣고 압력솥으로~,0.0,0.0,0.0,0.0,0.0,0.0,0.0,0.0,0.0,0.0,0.0,0.0,0.0,0.0,0.0,0.0,0.0,0.0,0.0,0.0,0.0,0.0,0.0,0.0,0.0
343,정식품 콩국물로 만든 달콤 고소한 호두 떡꼬치,399.2,1.75,5.876,27.526,0.78,34.071,28.855,3.0,48.4,1.247,112.3,244.2,7.0,0.0,0.0,0.0,0.104,0.06,0.4,0.0,0.0,0.0,2.748,0.0,0.0
344,바삭하고 고소한 호두강정 만들기,3755.0,16.35,73.06,344.01,9.1,107.485,58.925,37.5,449.0,13.345,1400.5,2747.0,29.0,0.0,0.0,0.0,1.3,0.75,5.0,0.0,0.0,0.0,34.35,0.0,0.0
345,간단하고 맛있게 끓이는 닭볶음탕 여름보양식,360.0,249.565,5.704,0.319,2.58,86.836,44.172,6.4,56.6,1.53,139.45,1010.3,26.1,301.0,0.0,3598.0,0.27,0.156,1.07,0.0,0.0,0.0,0.07,0.0,0.0
346,깊고 진한 차돌박이 된장찌개,42.6,17.46,4.08,2.067,4.221,2.178,0.123,1.44,34.2,0.975,62.4,141.9,1545.6,0.3,0.0,2.1,0.132,0.055,0.204,0.0,0.0,0.0,0.303,0.006,0.0
347,참치 청국장찌개,100.0,167.9,5.35,0.46,1.86,24.46,0.18,6.2,9.0,0.91,131.0,718.0,4.0,1.0,0.0,8.0,0.15,0.169,0.47,0.0,1.43,0.0,0.07,0.0,0.0
348,웰빙 콩비지찌개,137.55,0.03,0.0,14.938,0.01,0.021,0.0,0.0,6.45,0.262,14.85,8.4,2.4,0.15,0.0,1.65,0.0,0.01,0.0,0.0,0.0,0.0,2.198,0.044,0.0
349,병아리콩 이제는 치즈 병아리콩으로 먹어봐요^^,46.95,2.16,0.057,0.003,0.07,12.71,10.077,0.0,1.5,0.021,1.2,30.45,0.15,0.0,0.0,0.0,0.0,0.213,0.038,0.0,0.0,0.0,0.002,0.0,0.0
350,뚝배기 콘치즈,0.0,0.0,0.0,0.0,0.0,0.0,0.0,0.0,0.0,0.0,0.0,0.0,0.0,0.0,0.0,0.0,0.0,0.0,0.0,0.0,0.0,0.0,0.0,0.0,0.0
351,견과초코바~ 발렌타인데이,228.0,1.02,0.072,0.012,0.12,58.782,55.71,0.0,28.8,0.414,0.6,56.4,10.8,0.0,0.0,0.0,0.0,0.0,0.0,0.0,0.0,0.0,0.0,0.0,0.0
352,팽이버섯얼음 만들기,42.0,178.2,6.02,0.74,1.92,13.18,0.36,8.6,8.0,0.84,162.0,734.0,6.0,0.0,0.0,0.0,0.06,0.234,0.72,0.0,2.86,0.0,0.1,0.0,0.0
353,송편맛탕 만들기,228.0,1.02,0.072,0.012,0.12,58.782,55.71,0.0,28.8,0.414,0.6,56.4,10.8,0.0,0.0,0.0,0.0,0.0,0.0,0.0,0.0,0.0,0.0,0.0,0.0
354,닭한마리 김치찜,157.65,7.645,4.255,2.536,1.656,33.909,19.268,11.46,31.35,1.6,108.75,796.9,16.55,184.2,0.0,2208.9,0.134,0.65,2.548,0.08,0.0,0.0,0.446,0.015,0.0
355,고구마 라떼 집에서 만들고 카페분위기 내기~,615.0,800.51,22.556,23.466,5.45,78.021,56.695,9.0,1055.4,1.457,604.3,1091.2,263.4,403.0,385.0,222.0,0.14,1.154,2.1,5.6,0.0,67.9,15.27,0.98,0.0
356,수란,666.32,84.114,28.8,40.6,5.006,43.48,0.0,0.0,246.98,11.728,998.0,132.5,1068.24,590.0,590.0,0.0,0.68,1.52,1.0,0.0,0.0,0.0,0.0,0.0,0.0
357,수란 쉽게 만드는방법,1.12,0.399,0.0,0.0,6.321,0.28,0.0,0.0,10.43,1.848,0.0,8.75,2772.84,0.0,0.0,0.0,0.0,0.0,0.0,0.0,0.0,0.0,0.0,0.0,0.0
358,도라지정과 : 마음을 담아 선물 하기 좋은 전통 디저트 ★,478.6,144.67,3.095,0.275,1.271,120.784,93.887,4.08,121.1,1.302,104.7,406.8,24.8,1.7,0.0,15.3,0.051,0.054,0.901,10.2,0.0,0.0,0.051,0.0,0.0
359,달래호박된장찌개,524.6,362.96,85.19,15.737,9.891,6.068,0.853,2.89,65.2,2.73,84.4,259.4,1549.1,48.8,0.0,583.1,0.162,0.1,0.609,0.0,0.0,0.0,0.338,0.006,3.0
360,돼지고기 청국장,4.5,22.55,0.975,0.0,0.175,1.3,0.0,0.0,0.5,0.275,26.75,77.0,2.25,0.0,0.0,0.0,0.078,0.028,0.3,0.25,0.0,0.0,0.0,0.0,5.75
361,삼겹 고추장찌개,47.85,1.875,1.993,1.26,0.779,9.093,2.617,5.655,11.85,0.733,51.3,381.15,1.95,92.1,0.0,1104.45,0.064,0.324,1.264,0.0,0.0,0.0,0.222,0.008,0.0
362,경양식으로 근사하게 차리고 싶을때 !! 생각나는 함박스테이크 ★,610.0,180.1,100.02,9.17,25.56,185.06,3.63,56.7,34.0,23.7,3041.0,10533.0,216.0,0.0,0.0,0.0,2.1,8.634,44.77,0.0,0.0,0.0,1.44,0.03,0.0
363,강낭콩 매시드포테이토,0.0,0.0,0.0,0.0,0.0,0.0,0.0,0.0,0.0,0.0,0.0,0.0,0.0,0.0,0.0,0.0,0.0,0.0,0.0,0.0,0.0,0.0,0.0,0.0,0.0
364,비 오는 날 딱! 청국장찌개와 부추전,757.0,209.2,31.905,40.865,4.335,63.675,0.845,2.65,271.5,11.825,1063.0,616.5,277.0,636.5,590.0,556.0,0.82,1.626,1.14,7.6,0.0,0.0,0.045,0.0,0.0
365,한우뚝배기불고기,446.1,0.825,0.054,29.886,0.111,44.128,41.782,0.0,34.5,0.836,30.15,59.1,12.9,0.3,0.0,3.3,0.0,0.021,0.0,0.0,0.0,0.0,4.395,0.087,0.0
366,"참치김치찌개, 버섯잡채, 해물파전, 어묵볶음..",28.4,127.88,4.588,0.152,1.076,6.304,0.956,1.04,13.0,1.096,99.6,368.4,13.4,119.6,0.0,1432.8,0.102,0.311,1.64,0.0,0.0,0.0,0.012,0.0,0.0
367,포슬한 감자를 넣어 푸짐한~ 뚝배기 감자 콘치즈,96.0,214.08,4.08,0.72,1.44,19.68,0.0,0.0,24.0,0.96,127.2,0.0,0.0,0.0,0.0,0.0,0.408,0.24,0.48,52.8,0.0,0.0,0.0,0.0,0.0
368,계란 또띠아롤 브런치,29.25,39.33,1.386,1.494,0.302,2.488,1.854,0.0,50.85,0.023,37.8,64.35,16.2,24.75,24.75,0.0,0.009,0.073,0.135,0.36,0.0,4.365,0.976,0.063,0.0
369,수란 맛있게 만드는방법 만들기,1.12,0.399,0.0,0.0,6.321,0.28,0.0,0.0,10.43,1.848,0.0,8.75,2772.84,0.0,0.0,0.0,0.0,0.0,0.0,0.0,0.0,0.0,0.0,0.0,0.0
370,간단하게 배숙 만들기,93.37,89.542,0.357,0.045,0.959,25.148,15.312,0.826,3.68,0.1,15.53,171.82,0.19,0.02,0.0,0.19,0.04,0.285,0.173,2.215,0.0,0.0,0.012,0.0,13.0
371,"미니단호박에그슬럿,에어프라이어요리",26.0,91.8,0.94,0.06,0.7,6.5,3.85,1.7,8.0,0.28,29.0,329.0,7.0,48.0,0.0,572.0,0.01,0.021,0.35,17.5,0.0,0.0,0.02,0.0,0.0
372,바지락명란두부찌개,157.8,164.585,15.55,3.4,6.075,15.33,1.35,1.0,26.45,1.98,23.0,92.25,1981.6,19.0,0.0,229.0,0.04,0.026,0.3,4.5,0.0,0.0,0.02,0.0,0.0
373,청국장찌개 끓이기,0.0,0.0,0.0,0.0,0.0,0.0,0.0,0.0,0.0,0.0,0.0,0.0,0.0,0.0,0.0,0.0,0.0,0.0,0.0,0.0,0.0,0.0,0.0,0.0,0.0
374,오징어 매운찌개,0.0,0.0,0.0,0.0,0.0,0.0,0.0,0.0,0.0,0.0,0.0,0.0,0.0,0.0,0.0,0.0,0.0,0.0,0.0,0.0,0.0,0.0,0.0,0.0,0.0
375,메추리알을 품은 감자치즈볼밥전,2959.0,485.2,125.86,244.73,15.06,28.99,0.0,1.9,1261.0,61.29,4690.0,1135.0,409.0,5617.0,5616.0,56.0,4.12,3.172,0.27,0.0,40.0,5945.6,79.38,1.6,0.0
376,고소한 치즈감자전,158.0,157.6,4.68,0.18,1.8,35.74,0.0,3.8,10.0,0.98,100.0,702.0,2.0,2.0,0.0,16.0,0.24,0.104,0.22,0.0,0.0,0.0,0.04,0.0,0.0
377,양배추쌈 & 꽁치쌈장,42.6,17.46,4.08,2.067,4.221,2.178,0.123,1.44,34.2,0.975,62.4,141.9,1545.6,0.3,0.0,2.1,0.132,0.055,0.204,0.0,0.0,0.0,0.303,0.006,0.0
378,떡대신 치즈로~치즈볶이★,57.0,0.255,0.018,0.003,0.03,14.696,13.927,0.0,7.2,0.104,0.15,14.1,2.7,0.0,0.0,0.0,0.0,0.0,0.0,0.0,0.0,0.0,0.0,0.0,0.0
379,아이들 간식으로 좋은 견과류볶음,0.0,0.0,0.0,0.0,0.0,0.0,0.0,0.0,0.0,0.0,0.0,0.0,0.0,0.0,0.0,0.0,0.0,0.0,0.0,0.0,0.0,0.0,0.0,0.0,0.0
380,탕수육강정 만들기,114.0,0.51,0.036,0.006,0.06,29.391,27.855,0.0,14.4,0.207,0.3,28.2,5.4,0.0,0.0,0.0,0.0,0.0,0.0,0.0,0.0,0.0,0.0,0.0,0.0
381,옥수수콘으로 마약옥수수 만들기,114.0,0.51,0.036,0.006,0.06,29.391,27.855,0.0,14.4,0.207,0.3,28.2,5.4,0.0,0.0,0.0,0.0,0.0,0.0,0.0,0.0,0.0,0.0,0.0,0.0
382,뚝배기 불고기,161.0,418.7,15.01,3.17,4.56,58.59,0.18,4.3,24.0,2.82,217.0,1351.0,27.0,0.0,0.0,0.0,0.27,1.197,8.36,0.0,1.43,0.0,0.05,0.0,0.0
383,천기누설! 다이어트에 좋은 차엽란 만드는 법,3330.0,420.0,144.0,203.0,16.0,217.0,0.0,0.0,1220.0,56.0,4990.0,650.0,1380.0,2950.0,2950.0,0.0,3.4,7.6,5.0,0.0,0.0,0.0,0.0,0.0,0.0
384,찜질방달걀...전기압력밥솥으로 만든 맥반석달걀,0.0,0.0,0.0,0.0,0.0,0.0,0.0,0.0,0.0,0.0,0.0,0.0,0.0,0.0,0.0,0.0,0.0,0.0,0.0,0.0,0.0,0.0,0.0,0.0,0.0
385,매콤크림라볶이,130.0,174.8,6.16,6.64,1.34,11.06,8.24,0.0,226.0,0.1,168.0,286.0,72.0,110.0,110.0,0.0,0.04,0.324,0.6,1.6,0.0,19.4,4.34,0.28,0.0
386,불닭라볶이,0.0,0.0,0.0,0.0,0.0,0.0,0.0,0.0,0.0,0.0,0.0,0.0,0.0,0.0,0.0,0.0,0.0,0.0,0.0,0.0,0.0,0.0,0.0,0.0,0.0
387,청국장 찌개,101.5,33.45,8.755,6.87,0.48,0.0,0.0,0.0,3.5,0.365,83.5,150.0,26.0,4.5,4.5,0.0,0.235,0.072,2.75,0.85,0.49,34.9,2.265,0.045,0.0
388,키조개 미역국 & 키조개 달래 된장 찌개 만들기,0.0,0.0,0.0,0.0,0.0,0.0,0.0,0.0,0.0,0.0,0.0,0.0,0.0,0.0,0.0,0.0,0.0,0.0,0.0,0.0,0.0,0.0,0.0,0.0,0.0
389,호두 전처리하기,0.0,0.0,0.0,0.0,0.0,0.0,0.0,0.0,0.0,0.0,0.0,0.0,0.0,0.0,0.0,0.0,0.0,0.0,0.0,0.0,0.0,0.0,0.0,0.0,0.0
390,커피 캬라멜,160.1,133.98,4.696,4.984,1.099,25.241,19.616,0.0,171.5,0.103,127.6,255.1,54.2,82.5,82.5,0.0,0.03,0.526,0.5,1.2,0.0,14.55,3.257,0.21,0.0
391,두유 허니 푸딩,62.6,2.88,0.076,0.004,0.094,16.946,13.436,0.0,2.0,0.028,1.6,40.6,0.2,0.0,0.0,0.0,0.0,0.283,0.05,0.0,0.0,0.0,0.002,0.0,0.0
392,마른오징어 반찬,0.0,0.0,0.0,0.0,0.0,0.0,0.0,0.0,0.0,0.0,0.0,0.0,0.0,0.0,0.0,0.0,0.0,0.0,0.0,0.0,0.0,0.0,0.0,0.0,0.0
393,김치아란치노!!!,0.0,0.0,0.0,0.0,0.0,0.0,0.0,0.0,0.0,0.0,0.0,0.0,0.0,0.0,0.0,0.0,0.0,0.0,0.0,0.0,0.0,0.0,0.0,0.0,0.0
394,함께여서 행복했던 우리집 주말 밥상,148.7,88.33,6.097,0.328,13.206,32.057,0.174,4.65,131.7,5.386,136.4,488.4,4803.5,69.0,0.0,827.5,0.084,0.226,0.722,17.9,0.0,0.0,0.05,0.0,0.0
395,햇양파로 만든 달짝지근한 자반고등어양파조림,143.55,5.625,5.98,3.78,2.336,27.279,7.852,16.965,35.55,2.2,153.9,1143.45,5.85,276.3,0.0,3313.35,0.194,0.972,3.794,0.0,0.0,0.0,0.666,0.023,0.0
396,여름호박조림,80.0,79.6,2.28,2.54,0.74,14.84,2.1,0.0,6.0,0.48,56.0,333.0,0.0,0.0,0.0,0.0,0.13,0.01,0.28,3.8,0.0,0.0,0.02,0.0,12.0
397,갓김치두부조림 묵은지는 언제나 옳구나,89.85,183.875,7.603,1.73,2.338,19.483,2.798,9.955,54.85,9.654,193.3,748.15,4.95,99.1,0.0,1186.45,0.134,0.681,1.824,8.0,1.43,0.0,0.272,0.008,0.0
398,김치찌개,0.0,0.0,0.0,0.0,0.0,0.0,0.0,0.0,0.0,0.0,0.0,0.0,0.0,0.0,0.0,0.0,0.0,0.0,0.0,0.0,0.0,0.0,0.0,0.0,0.0
399,달큰한 오징어찌개,14047.5,9047.9,2405.065,406.89,158.53,26.835,0.925,0.7,9.5,0.06,10.0,67.5,3.5,0.0,0.0,0.0,0.0,0.0,0.095,4.2,0.0,0.0,0.005,0.0,0.0
400,"해찬들 100%국산 고추장으로 맛을낸 김치참치 두부찌개,비빔밥,파절이",0.0,0.0,0.0,0.0,0.0,0.0,0.0,0.0,0.0,0.0,0.0,0.0,0.0,0.0,0.0,0.0,0.0,0.0,0.0,0.0,0.0,0.0,0.0,0.0,0.0
401,맛있는 가지요리 어향가지 만드는 법,171.35,190.258,4.02,1.465,1.824,39.936,27.389,12.455,56.65,1.529,105.525,760.3,8.0,112.1,0.0,1354.45,0.105,0.496,1.924,0.0,0.0,0.0,0.282,0.008,0.0
402,추운겨울 추억의 겨울간식 호떡을 만들어 봐요,76.48,0.511,0.024,0.004,2.749,19.714,18.57,0.0,14.07,0.93,0.2,22.55,1191.96,0.0,0.0,0.0,0.0,0.0,0.0,0.0,0.0,0.0,0.0,0.0,0.0
403,냉이 두 부전 / 당뇨의 식단에 좋은 두부로 만든 봄나물 요리,999.64,126.228,43.2,60.9,8.412,65.26,0.0,0.0,371.96,17.856,1497.0,200.0,1998.48,885.0,885.0,0.0,1.02,2.28,1.5,0.0,0.0,0.0,0.0,0.0,0.0
404,소고기떡볶기 만드는법,554.55,305.315,48.886,32.039,3.64,30.92,4.642,0.0,26.85,7.037,430.9,1123.1,121.3,12.15,12.0,1.65,0.22,0.704,12.06,2.2,1.16,103.0,8.478,0.403,0.0
405,소고기떡볶기 맛있게 만드는법,554.55,305.315,48.886,32.039,3.64,30.92,4.642,0.0,26.85,7.037,430.9,1123.1,121.3,12.15,12.0,1.65,0.22,0.704,12.06,2.2,1.16,103.0,8.478,0.403,0.0
406,장똑똑이만드는법 / 수미네 반찬,849.2,372.265,108.982,39.26,10.863,5.64,4.73,0.12,34.1,14.082,906.35,1746.8,2665.6,30.0,30.0,0.0,0.292,0.418,20.411,5.5,2.9,257.5,15.7,0.9,0.0
407,"베트남길거리음식 응오싸오,반싸오- 옥수수볶음",0.0,0.0,0.0,0.0,0.0,0.0,0.0,0.0,0.0,0.0,0.0,0.0,0.0,0.0,0.0,0.0,0.0,0.0,0.0,0.0,0.0,0.0,0.0,0.0,0.0
408,불닭분모자 ☆ 쫄깃 매콤 한번 먹으면 멈출 수 없어!,417.42,2.184,0.15,45.008,0.041,0.616,0.063,0.09,0.27,0.018,3.6,12.3,5.97,2.7,0.0,31.95,0.003,0.001,0.011,0.048,0.0,0.0,6.77,0.014,0.0
409,생선찌개..조림과 탕의 중간쯤...,119.4,122.045,5.838,2.559,13.356,21.22,6.916,0.24,31.8,0.91,128.65,731.9,4800.3,0.0,0.0,0.0,0.214,0.075,0.802,3.8,0.0,0.0,0.02,0.0,12.0
410,"맛남의 광장, 열무 꽁치조림 레시피",126.5,59.18,7.372,3.678,4.022,20.75,5.296,13.43,105.3,2.324,159.8,908.25,791.7,325.35,0.0,3903.95,0.195,0.71,2.681,4.8,0.0,0.0,0.62,0.018,0.0
411,국물자작한 애호박황태조림,140.97,2.199,0.15,14.987,0.056,0.616,0.063,0.09,11.52,0.825,29.25,25.8,7.77,0.75,0.0,8.85,0.003,0.01,0.011,0.048,0.0,0.0,1.146,0.061,0.0
412,얼큰하고 감칠맛 제대로 나는 어묵 김치찌개,0.0,0.0,0.0,0.0,0.0,0.0,0.0,0.0,0.0,0.0,0.0,0.0,0.0,0.0,0.0,0.0,0.0,0.0,0.0,0.0,0.0,0.0,0.0,0.0,0.0
413,참치 김치찌개,23.925,0.938,0.997,0.63,0.389,4.546,1.309,2.828,5.925,0.367,25.65,190.575,0.975,46.05,0.0,552.225,0.032,0.162,0.632,0.0,0.0,0.0,0.111,0.004,0.0
414,청국장찌개,47.85,1.875,1.993,1.26,0.779,9.093,2.617,5.655,11.85,0.733,51.3,381.15,1.95,92.1,0.0,1104.45,0.064,0.324,1.264,0.0,0.0,0.0,0.222,0.008,0.0
415,김치나베돈가스 - 밥 반찬으로 좋아요,0.0,0.0,0.0,0.0,0.0,0.0,0.0,0.0,0.0,0.0,0.0,0.0,0.0,0.0,0.0,0.0,0.0,0.0,0.0,0.0,0.0,0.0,0.0,0.0,0.0
416,에그베이컨감자전,158.0,157.6,4.68,0.18,1.8,35.74,0.0,3.8,10.0,0.98,100.0,702.0,2.0,2.0,0.0,16.0,0.24,0.104,0.22,0.0,0.0,0.0,0.04,0.0,0.0
417,말복 _ 돼지목살 콩나물불고기 푸짐푸짐하게,155.4,497.86,24.552,4.518,18.106,14.982,0.174,0.24,73.4,3.396,302.6,1084.2,4824.4,5.0,0.0,45.0,0.534,0.865,3.022,85.0,0.0,0.0,0.0,0.0,0.0
418,매콤 국물 치즈 라볶이,276.9,25.695,5.817,2.538,7.95,63.014,47.104,11.43,57.0,1.975,139.35,1001.7,2411.7,184.2,0.0,2208.9,0.171,0.68,2.79,0.0,0.0,0.0,0.444,0.015,0.0
419,아이들 간식으로~ 베이컨 치즈감자,0.0,0.0,0.0,0.0,0.0,0.0,0.0,0.0,0.0,0.0,0.0,0.0,0.0,0.0,0.0,0.0,0.0,0.0,0.0,0.0,0.0,0.0,0.0,0.0,0.0
420,백선생님의 중국식 만능 소스를 활용한 대패삼겹살 라볶이,311.8,85.99,3.296,30.578,1.972,13.166,0.014,0.02,19.85,1.158,69.75,295.65,410.75,0.3,0.0,3.3,0.067,0.296,2.043,0.0,0.0,0.0,4.395,0.087,0.0
421,여경래 셰프의 묵은지 짜춘권 - 수미네반찬 2회,10.2,21.18,1.776,0.009,6.303,0.741,0.087,0.12,11.7,0.198,36.3,197.1,2399.7,0.0,0.0,0.0,0.042,0.033,0.261,0.0,0.0,0.0,0.0,0.0,0.0
422,떡볶음 간단하면서 든든한 간식,0.0,0.0,0.0,0.0,0.0,0.0,0.0,0.0,0.0,0.0,0.0,0.0,0.0,0.0,0.0,0.0,0.0,0.0,0.0,0.0,0.0,0.0,0.0,0.0,0.0
423,불고기...서울식불고기(국물이 자박)~강추,231.9,395.43,8.968,2.941,4.347,63.494,21.423,14.98,68.2,5.118,188.4,1535.2,390.3,101.85,0.0,1223.1,0.088,0.696,1.737,1.08,1.43,0.0,0.466,0.0,8.4
424,돼지고기 두부 강된장 - 밥 쓱쓱 넣고 비벼먹으면 굿뜨!,249.45,177.735,10.693,5.957,6.64,43.981,4.84,8.995,57.05,2.678,219.7,1207.05,1548.55,93.4,0.0,1114.55,0.446,0.441,1.858,3.8,0.0,0.0,0.565,0.014,12.0
425,밥을 부르는 삼겹살 김치찜 맛있는 조합,14.85,10.92,0.75,0.04,0.207,3.082,0.316,0.45,1.35,0.09,18.0,61.5,29.85,0.0,0.0,0.0,0.016,0.006,0.057,0.24,0.0,0.0,0.008,0.0,0.0
426,무돼지찌개 끓이기,53.85,40.195,2.206,1.332,0.883,10.401,3.358,6.215,19.45,0.782,59.3,435.15,4.75,92.1,0.0,1104.45,0.064,0.324,1.34,3.36,0.0,0.0,0.226,0.008,0.0
427,유부된장찌개,149.0,243.6,8.34,1.49,2.7,43.87,0.0,1.9,15.0,1.69,118.0,843.0,13.0,1.0,0.0,8.0,0.24,0.592,4.11,0.0,0.0,0.0,0.02,0.0,0.0
428,청국장찌개,6552.0,4200.0,1122.24,189.84,73.92,11.76,0.0,0.0,0.0,0.0,0.0,0.0,0.0,0.0,0.0,0.0,0.0,0.0,0.0,0.0,0.0,0.0,0.0,0.0,0.0
429,명란젓 찌개,0.0,0.0,0.0,0.0,0.0,0.0,0.0,0.0,0.0,0.0,0.0,0.0,0.0,0.0,0.0,0.0,0.0,0.0,0.0,0.0,0.0,0.0,0.0,0.0,0.0
430,초간단 간장찜닭 : 질리지 않는 건강하고 깔끔한 맛,318.0,423.17,12.172,2.922,3.76,67.977,11.385,3.8,98.8,18.529,278.1,1044.4,3.8,16.0,0.0,180.0,0.45,0.594,0.9,19.8,0.0,0.0,0.06,0.0,12.0
431,"♬ 뜨끈한 바지락 순두부찌개, 일교차 큰 요즘 딱이야 ~!",333.0,42.0,14.4,20.3,1.6,21.7,0.0,0.0,122.0,5.6,499.0,65.0,138.0,295.0,295.0,0.0,0.34,0.76,0.5,0.0,0.0,0.0,0.0,0.0,0.0
432,구수한 된장찌개,169.45,98.135,8.414,3.417,5.9,29.141,2.74,8.995,51.05,2.198,163.7,874.05,1548.55,93.4,0.0,1114.55,0.316,0.431,1.578,0.0,0.0,0.0,0.545,0.014,0.0
433,콩비지찌개 구수하게 끓이기,47.85,1.875,1.993,1.26,0.779,9.093,2.617,5.655,11.85,0.733,51.3,381.15,1.95,92.1,0.0,1104.45,0.064,0.324,1.264,0.0,0.0,0.0,0.222,0.008,0.0
434,김치치즈프라이드,39.5,39.4,1.17,0.045,0.45,8.935,0.0,0.95,2.5,0.245,25.0,175.5,0.5,0.5,0.0,4.0,0.06,0.026,0.055,0.0,0.0,0.0,0.01,0.0,0.0
435,길고긴 겨울방학 아이들 점심으로 준비했어요. 목살 또띠아롤~,163.05,52.98,4.44,14.961,15.768,1.874,0.217,0.3,35.7,0.758,105.6,501.15,6001.65,0.15,0.0,1.65,0.105,0.092,0.652,0.0,0.0,0.0,2.198,0.044,0.0
436,우리 아이 건강 요리 곤드레밥 타코야키,0.0,0.0,0.0,0.0,0.0,0.0,0.0,0.0,0.0,0.0,0.0,0.0,0.0,0.0,0.0,0.0,0.0,0.0,0.0,0.0,0.0,0.0,0.0,0.0,0.0
437,소시지 맛탕,57.0,0.255,0.018,0.003,0.03,14.696,13.927,0.0,7.2,0.104,0.15,14.1,2.7,0.0,0.0,0.0,0.0,0.0,0.0,0.0,0.0,0.0,0.0,0.0,0.0
438,참깨경단 만들기,38.0,0.17,0.012,0.002,0.02,9.797,9.285,0.0,4.8,0.069,0.1,9.4,1.8,0.0,0.0,0.0,0.0,0.0,0.0,0.0,0.0,0.0,0.0,0.0,0.0
439,묵은지 돼지고기김치찜 깊은맛이 일품,1469.55,401.94,105.096,97.384,5.83,29.412,27.855,0.0,62.85,4.85,1017.15,1836.6,319.8,54.15,54.0,1.65,2.82,0.874,33.0,10.2,5.88,418.8,29.377,0.584,0.0
440,저녁반찬으로 딱~돼지고기 묵은지 김치찜~~^^,666.0,200.955,52.548,41.223,2.91,14.696,13.927,0.0,28.2,2.294,501.15,914.1,158.7,27.0,27.0,0.0,1.41,0.432,16.5,5.1,2.94,209.4,13.59,0.27,0.0
441,보글보글 맛있는 김치찌개,0.0,0.0,0.0,0.0,0.0,0.0,0.0,0.0,0.0,0.0,0.0,0.0,0.0,0.0,0.0,0.0,0.0,0.0,0.0,0.0,0.0,0.0,0.0,0.0,0.0
442,쇠고기 섞어찌개,0.0,0.0,0.0,0.0,0.0,0.0,0.0,0.0,0.0,0.0,0.0,0.0,0.0,0.0,0.0,0.0,0.0,0.0,0.0,0.0,0.0,0.0,0.0,0.0,0.0
443,매콤 칼칼 [닭볶음탕] 만들기,704.9,377.215,21.768,7.882,22.402,150.761,54.57,28.62,119.25,5.69,502.4,3445.65,6018.15,371.4,0.0,4441.8,0.853,1.543,6.32,3.8,0.0,0.0,0.968,0.03,12.0
444,얼큰달큰 오징어시금치 고추장찌개,0.0,0.0,0.0,0.0,0.0,0.0,0.0,0.0,0.0,0.0,0.0,0.0,0.0,0.0,0.0,0.0,0.0,0.0,0.0,0.0,0.0,0.0,0.0,0.0,0.0
445,순두부 찌개,338.4,184.102,30.828,8.184,5.102,34.224,1.26,0.0,7.325,0.948,33.6,202.925,990.3,0.0,0.0,0.0,0.078,0.006,0.168,2.28,0.0,0.0,0.012,0.0,7.2
446,멸치 강정,6910.0,35.0,91.7,719.7,14.9,138.6,39.7,96.0,700.0,25.3,2770.0,4100.0,0.0,20.0,0.0,290.0,6.6,1.3,11.7,11.0,0.0,0.0,61.8,0.0,470.0
447,호두 떡강정 만들기,114.0,0.51,0.036,0.006,0.06,29.391,27.855,0.0,14.4,0.207,0.3,28.2,5.4,0.0,0.0,0.0,0.0,0.0,0.0,0.0,0.0,0.0,0.0,0.0,0.0
448,기관지에 좋은 은행속껍질 쉽게 벗기기,0.0,0.0,0.0,0.0,0.0,0.0,0.0,0.0,0.0,0.0,0.0,0.0,0.0,0.0,0.0,0.0,0.0,0.0,0.0,0.0,0.0,0.0,0.0,0.0,0.0
449,"돼지고기의 재발견 : 사태김치찜 만들기, 돼지사태묵은지찜",223.95,13.23,2.935,1.273,4.02,53.55,44.444,5.715,39.3,1.143,69.9,522.0,1209.9,92.1,0.0,1104.45,0.086,0.34,1.395,0.0,0.0,0.0,0.222,0.008,0.0
450,돼지고기 앞다리살로 초간단 묵은지 김치찜 만들기,57.0,0.255,0.018,0.003,0.03,14.696,13.927,0.0,7.2,0.104,0.15,14.1,2.7,0.0,0.0,0.0,0.0,0.0,0.0,0.0,0.0,0.0,0.0,0.0,0.0
451,#갈비김치찜 [돼지갈비김치지짐],228.0,1.02,0.072,0.012,0.12,58.782,55.71,0.0,28.8,0.414,0.6,56.4,10.8,0.0,0.0,0.0,0.0,0.0,0.0,0.0,0.0,0.0,0.0,0.0,0.0
452,오징어섞어찌개,420.775,447.412,32.91,18.465,5.908,66.9,4.601,8.983,54.275,4.56,391.45,1898.725,79.425,156.65,9.0,1771.175,0.827,1.723,15.547,3.95,0.98,69.8,4.873,0.101,0.0
