,recipe_title,총합_수분,총합_에너지(kcal),총합_에너지(kj),총합_단백질,총합_지방,총합_회분,총합_탄수화물,"총합_섬유질, 식이섬유",총합_당,총합_자당,총합_포도당,총합_과당,총합_유당,총합_엿당,총합_갈락토스,총합_칼슘,총합_철,총합_마그네슘,총합_인,총합_칼륨,총합_나트륨,총합_아연,총합_구리,총합_망간,총합_셀레늄,총합_플루오린,총합_비타민c,총합_티아민,총합_리보플라빈,총합_비타민b3,총합_비타민b5,총합_비타민b6,"총합_엽산, 총계",총합_엽산,"총합_엽산, 식품","총합_엽산, dfe",총합_콜린,총합_비타민b12,총합_비타민a(rae),총합_레티놀,"총합_카로틴, 베타","총합_카로틴, 알파",총합_베타-크립토잔틴,총합_비타민a(iu),총합_라이코펜,총합_루테인+제아잔틴,총합_비타민e(알파-토코페롤),"총합_비타민d(d2+d3),...",총합_비타민d(d2+d3),총합_비타민k(필로퀴논),"총합_지방산, 총포화지방산",총합_sfa 4:0,총합_sfa 6:0,총합_sfa 8:0,총합_sfa 10:0,총합_sfa 12:0,총합_sfa 14:0,총합_sfa 16:0,총합_sfa 18:0,"총합_지방산, 총 단일불포화지방산",총합_mufa 16:1,총합_mufa 18:1,총합_mufa 20:1,총합_mufa 22:1,"총합_지방산, 총 다중불포화지방산",총합_pufa 18:2,총합_pufa 18:3,총합_pufa 18:4,총합_pufa 20:4,총합_pufa 20:5 n-3 (epa),총합_pufa 22:5 n-3 (dpa),총합_pufa 22:6 n-3 (dha),총합_콜레스테롤,총합_알코올,총합_녹말,총합_베타인,총합_베타토코페롤,총합_감마토코페롤,총합_델타토코페롤,총합_알파토코트리에놀,총합_감마토코트리에놀,총합_비타민k,총합_sfa 15:0,총합_sfa 17:0,총합_sfa 20:0,총합_sfa 22:0,총합_sfa 24:0,총합_mufa 14:1,총합_mufa 15:1,총합_mufa 17:1,"총합_pufa 20:2 n-6 c,c",총합_pufa 20:3,"총합_지방산, 총 트랜스지방",총합_트립토판,총합_트레오닌,총합_이소류신,총합_류신,총합_라이신,총합_메티오닌,총합_시스틴,총합_페닐알라닌,총합_티로신,총합_발린,총합_아르기닌,총합_히스티딘,총합_알라닌,총합_아스파르트산,총합_글루탐산,총합_글리신,총합_프폴린,총합_세린,총합_질소,총합_에너지(수중 일반 요인),총합_에너지(수중 특정 요인),총합_sfa 13:0,총합_mufa 18:1 c,"총합_pufa 18:3 n-3 c,c,c (ala)","총합_pufa 18:3 n-6 c,c,c","총합_지방산, 총 트랜스-모노",총합_tfa 18:1 t,총합_하이드록시프롤린,총합_비타민d3(콜레칼시페롤),총합_바이오틴,총합_비타민d2(에르고칼시페롤),총합_mufa 16:1 c,"총합_pufa 18:2 n-6 c,c",총합_pufa 18:2 clas,총합_pufa 18:2 i,총합_스티그마스테롤,총합_캄페스테롤,총합_베타-시토스테롤,총합_총 식이섬유(aoac 2011.25),총합_고분자량 식이섬유,총합_저분자량 식이섬유,총합_총 당,총합_몰리브덴,총합_비타민k(메나퀴논-4),총합_mufa 22:1 c,총합_pufa 20:3 n-3,총합_tfa 16:1 t,총합_tfa 18:2 t 더 이상..,"총합_지방산, 총 트랜스-폴리에노익",총합_감마-카로틴,총합_알파-크립토잔틴,총합_베타-글루칸,총합_글루타티온,총합_에르고스타-7-에놀,"총합_에르고스타-7, 22-디에놀","총합_에르고스타-5, 7-디에놀",총합_에르고스테롤,총합_베타-시토스타놀,총합_델타-5-아베나스테롤,총합_델타-7-스티그마스테롤,총합_에르고티오네인
0,호박 새우젓찌개 만드는 방법~★,382.2,7.5,31.35,3.36,0.33,0.94,14.94,2.7,0.0,0.0,0.0,0.0,0.0,0.0,0.0,24.0,0.57,28.0,51.0,489.0,904.97,0.4,0.19,0.3,7.5,25.8,298.5,0.117,0.267,1.908,0.0,0.741,66.0,0.0,0.0,0.0,0.0,0.0,0.0,0.0,0.0,0.0,0.0,0.0,0.0,0.0,0.0,0.0,0.0,0.0,0.0,0.0,0.0,0.0,0.0,0.0,0.0,0.0,0.0,0.0,0.0,0.0,0.0,0.0,0.0,0.0,0.0,0.0,0.0,0.0,0.0,0.0,0.0,0.0,0.0,0.0,0.0,0.0,0.0,0.0,0.0,0.0,0.0,0.0,0.0,0.0,0.0,0.0,0.0,0.0,0.0,0.0,0.0,0.0,0.0,0.0,0.0,0.0,0.0,0.0,0.0,0.0,0.0,0.0,0.0,0.0,0.0,0.0,0.0,0.0,0.0,0.33,69.0,60.0,0.0,0.0,0.0,0.0,0.0,0.0,0.0,0.0,11.1,0.0,0.0,0.0,0.0,0.0,0.0,0.0,0.0,0.0,0.0,0.0,0.0,0.0,0.0,0.0,0.0,0.0,0.0,0.0,0.0,0.0,0.0,0.0,0.0,0.0,0.0,0.0,0.0,0.0,0.0,0.0
1,바글바글 전복 된장찌개,87.55,29.7,0.0,3.73,1.162,0.89,19.81,0.81,0.93,0.13,0.21,0.31,0.25,0.25,0.0,14.55,0.744,29.5,80.85,477.5,561.5,0.754,0.193,0.16,3.55,0.0,23.3,0.066,0.035,1.716,0.0,0.175,2.85,0.0,2.85,2.85,10.83,0.012,0.6,0.0,7.8,0.0,0.0,0.0,0.0,0.0,0.002,0.0,0.0,5.195,0.153,0.0,0.0,0.0,0.0,0.0,0.002,0.112,0.03,0.168,0.0,0.156,0.004,0.0,0.432,0.372,0.061,0.0,0.0,0.0,0.0,0.0,0.0,0.0,0.0,0.0,0.0,0.0,0.0,0.0,0.0,0.1,0.0,0.0,0.0,0.0,0.0,0.0,0.0,0.0,0.0,0.0,0.0,0.0,0.0,0.0,0.0,0.0,0.0,0.0,0.0,0.0,0.0,0.0,0.0,0.0,0.0,0.0,0.0,0.0,0.0,0.29,73.0,72.0,0.0,0.0,0.0,0.0,0.0,0.0,0.0,0.0,0.0,0.0,0.0,0.0,0.0,0.0,0.0,0.0,0.0,13.8,13.2,0.59,0.65,7.8,0.1,0.0,0.0,0.0,0.0,0.0,0.0,0.0,0.0,0.0,0.0,0.0,0.0,0.0,0.0,0.0,0.0,0.0
2,순두부찌개....오도독 씹히는 미더덕이 들어간 순두부찌개!!,38.235,205.3,858.55,7.739,13.872,2.236,21.814,7.05,5.345,0.114,0.321,0.644,0.0,0.0,0.0,54.9,2.961,29.25,59.7,517.2,701.7,0.801,0.171,0.296,4.71,0.0,9.705,0.052,0.168,1.86,0.184,0.335,9.0,0.0,9.0,9.0,11.565,0.0,222.0,0.0,2250.0,313.5,523.5,4788.0,3.15,46.5,5.868,0.0,0.0,73.8,2.273,0.0,0.002,0.0,0.002,0.012,0.029,0.261,0.061,0.595,0.012,0.485,0.002,0.0,1.514,1.165,0.082,0.0,0.0,0.0,0.0,0.0,9.3,0.0,0.0,0.405,0.036,0.511,0.0,0.465,0.428,0.0,0.0,0.002,0.008,0.008,0.0,0.0,0.0,0.0,0.0,0.0,0.0,0.017,0.063,0.083,0.128,0.082,0.026,0.027,0.074,0.045,0.106,0.115,0.037,0.093,0.306,0.356,0.118,0.225,0.06,0.159,21.45,19.5,0.004,0.468,0.078,0.002,0.0,0.0,0.0,0.0,0.0,0.0,0.0,0.0,0.0,0.0,0.0,0.0,0.0,0.0,0.0,0.0,0.0,0.0,0.0,0.0,0.0,0.0,0.0,0.0,0.0,0.0,0.0,0.0,0.0,0.0,0.0,0.0,0.0,0.0,0.0,0.0
3,정통 바지락 순두부 찌개,55.89,179.9,753.0,18.327,8.054,0.24,8.965,1.071,3.07,0.5,1.092,0.783,0.0,0.0,0.0,13.23,0.147,7.0,18.74,497.86,95.85,0.12,0.026,0.085,0.32,0.55,7.905,0.028,0.025,0.12,0.082,0.082,12.59,0.0,11.9,11.9,4.01,0.0,1.0,0.0,12.5,0.0,0.0,21.0,0.0,214.0,0.092,0.0,0.0,1.31,1.135,0.0,0.0,0.0,0.002,0.0,0.002,0.467,0.243,2.499,0.01,1.972,0.01,0.0,3.525,2.074,0.023,0.0,0.0,0.0,0.0,0.0,31.0,0.0,0.0,0.05,0.0,0.0,0.0,0.02,0.0,0.0,0.0,0.0,0.0,0.0,0.0,0.0,0.0,0.0,0.0,0.0,0.0,0.008,0.013,0.011,0.02,0.026,0.003,0.003,0.017,0.01,0.016,0.057,0.01,0.017,0.06,0.142,0.017,0.01,0.015,0.003,0.54,0.47,0.0,0.001,0.006,0.0,0.0,0.0,0.0,0.0,0.041,0.0,0.0,0.003,0.0,0.0,0.0,0.0,0.0,0.0,0.0,0.0,0.0,0.0,0.0,0.0,0.0,0.0,0.0,0.0,0.0,0.0,0.0,0.0,0.0,0.0,0.0,0.0,0.0,0.0,0.0,0.0
4,크림토마토 비프 스튜,775.11,352.0,1472.0,27.042,17.178,10.391,100.4,47.97,12.52,0.81,2.63,6.71,0.0,0.0,0.19,309.0,21.9,242.8,466.0,4664.0,124.0,4.97,0.969,2.286,27.28,0.0,144.3,0.778,2.03,14.364,2.51,2.772,129.0,0.0,49.0,49.0,51.5,0.0,2652.0,0.0,28408.0,603.0,6342.0,49300.0,22880.0,19348.0,29.1,0.0,0.0,80.3,2.18,0.0,0.0,0.0,0.0,0.068,0.172,1.47,0.337,1.72,0.069,1.6,0.023,0.0,7.85,7.31,0.453,0.0,0.0,0.0,0.0,0.0,0.0,0.0,0.0,7.1,0.35,3.54,0.25,3.95,0.09,0.0,0.0,0.0,0.047,0.047,0.0,0.0,0.0,0.0,0.0,0.0,0.0,0.07,0.49,0.57,0.92,0.69,0.2,0.23,0.61,0.38,0.75,0.89,0.25,0.64,2.85,2.26,0.78,2.31,0.61,0.986,190.3,165.0,0.0,1.6,0.453,0.0,0.0,0.0,0.0,0.0,3.752,0.0,0.0,0.0,0.0,0.0,0.0,0.0,0.0,0.0,0.0,0.0,0.0,0.0,0.0,0.0,0.0,0.0,0.0,0.0,16.0,80.0,0.0,0.0,0.0,0.0,0.0,0.0,0.0,0.0,0.0,0.0
5,감자찌개,81.1,0.0,0.0,1.81,0.26,0.89,16.0,0.0,0.0,0.13,0.21,0.31,0.25,0.25,0.0,6.0,0.37,22.3,57.0,446.0,2.0,0.37,0.13,0.16,2.5,0.0,23.3,0.051,0.0,1.58,0.0,0.145,0.0,0.0,0.0,0.0,0.0,0.0,0.0,0.0,0.0,0.0,0.0,0.0,0.0,0.0,0.0,0.0,0.0,0.8,0.0,0.0,0.0,0.0,0.0,0.0,0.0,0.0,0.0,0.0,0.0,0.0,0.0,0.0,0.0,0.0,0.0,0.0,0.0,0.0,0.0,0.0,0.0,0.0,0.0,0.0,0.0,0.0,0.0,0.0,0.0,0.1,0.0,0.0,0.0,0.0,0.0,0.0,0.0,0.0,0.0,0.0,0.0,0.0,0.0,0.0,0.0,0.0,0.0,0.0,0.0,0.0,0.0,0.0,0.0,0.0,0.0,0.0,0.0,0.0,0.0,0.29,73.0,72.0,0.0,0.0,0.0,0.0,0.0,0.0,0.0,0.0,0.0,0.0,0.0,0.0,0.0,0.0,0.0,0.0,0.0,13.8,13.2,0.59,0.65,7.8,0.1,0.0,0.0,0.0,0.0,0.0,0.0,0.0,0.0,0.0,0.0,0.0,0.0,0.0,0.0,0.0,0.0,0.0
6,연어 김치찌개,0.0,0.0,0.0,0.0,0.0,0.0,0.0,0.0,0.0,0.0,0.0,0.0,0.0,0.0,0.0,0.0,0.0,0.0,0.0,0.0,0.0,0.0,0.0,0.0,0.0,0.0,0.0,0.0,0.0,0.0,0.0,0.0,0.0,0.0,0.0,0.0,0.0,0.0,0.0,0.0,0.0,0.0,0.0,0.0,0.0,0.0,0.0,0.0,0.0,0.0,0.0,0.0,0.0,0.0,0.0,0.0,0.0,0.0,0.0,0.0,0.0,0.0,0.0,0.0,0.0,0.0,0.0,0.0,0.0,0.0,0.0,0.0,0.0,0.0,0.0,0.0,0.0,0.0,0.0,0.0,0.0,0.0,0.0,0.0,0.0,0.0,0.0,0.0,0.0,0.0,0.0,0.0,0.0,0.0,0.0,0.0,0.0,0.0,0.0,0.0,0.0,0.0,0.0,0.0,0.0,0.0,0.0,0.0,0.0,0.0,0.0,0.0,0.0,0.0,0.0,0.0,0.0,0.0,0.0,0.0,0.0,0.0,0.0,0.0,0.0,0.0,0.0,0.0,0.0,0.0,0.0,0.0,0.0,0.0,0.0,0.0,0.0,0.0,0.0,0.0,0.0,0.0,0.0,0.0,0.0,0.0,0.0,0.0,0.0,0.0,0.0,0.0,0.0,0.0
7,백종원 순두부찌개 따라하기,566.64,772.8,3220.8,70.8,33.84,4.92,44.832,8.16,20.352,4.752,9.456,6.192,0.0,0.0,0.0,156.0,3.096,115.2,729.6,1716.0,168.0,6.552,0.362,0.641,111.12,5.28,36.96,2.326,0.9,12.653,2.266,1.69,103.2,0.0,103.2,103.2,254.64,1.68,4.8,4.8,4.8,0.0,0.0,26.4,0.0,19.2,0.792,127.2,3.12,1.92,12.754,0.0,0.0,0.0,0.024,0.024,0.451,7.867,4.123,14.918,1.008,13.502,0.264,0.0,2.962,2.63,0.115,0.0,0.12,0.0,0.0,0.0,192.0,0.0,0.0,9.12,0.0,0.0,0.0,0.192,0.0,0.0,0.0,0.0,0.0,0.0,0.0,0.0,0.0,0.0,0.0,0.0,0.0,0.878,3.053,3.091,5.352,6.067,1.718,0.845,2.736,2.314,3.629,4.627,2.635,3.941,6.461,11.366,3.504,2.842,2.813,0.0,0.0,0.0,0.0,0.0,0.0,0.0,0.0,0.0,0.0,3.12,0.0,0.0,0.0,0.0,0.0,0.0,0.0,0.0,0.0,0.0,0.0,0.0,0.0,0.0,0.0,0.0,0.0,0.0,0.0,0.0,0.0,0.0,0.0,0.0,0.0,0.0,0.0,0.0,0.0,0.0,0.0,0.0
8,두부찌개 간단하고 정성담아 끓였어요~ 따뜻한 저녁 식사,514.4,736.7,3076.55,55.272,53.243,8.62,27.592,12.34,5.945,0.233,0.657,1.287,0.0,0.0,0.0,2200.65,37.422,228.4,680.3,1346.85,2479.8,6.134,1.46,4.191,59.545,0.0,0.81,0.563,0.602,4.76,0.689,0.916,99.1,0.0,99.1,99.1,193.705,0.0,444.0,0.0,4500.0,627.0,1047.0,9390.0,6.3,93.0,11.77,0.0,0.0,48.92,7.754,0.0,0.004,0.0,0.004,0.024,0.135,5.311,2.105,15.29,0.143,15.04,0.044,0.0,27.015,24.793,2.135,0.0,0.0,0.0,0.0,0.0,8.25,0.0,0.0,2.3,0.072,1.023,0.0,0.93,0.855,0.0,0.0,0.004,0.016,0.016,0.0,0.0,0.0,0.0,0.0,0.0,0.0,0.746,2.507,2.743,4.494,2.839,0.692,0.234,2.697,2.223,2.855,4.376,1.389,2.526,6.783,10.636,2.445,3.73,3.202,0.0,0.0,0.0,0.008,0.936,0.156,0.004,0.0,0.0,0.0,0.0,0.0,0.0,0.0,0.0,0.0,0.0,0.0,0.0,0.0,0.0,0.0,0.0,0.0,0.0,0.0,0.0,0.0,0.0,0.0,0.0,0.0,0.0,0.0,0.0,0.0,0.0,0.0,0.0,0.0,0.0,0.0,0.0
9,제육볶음 맛있게 만드는 법,32.043,130.95,547.2,3.728,0.296,6.842,29.541,0.465,25.136,15.015,0.135,0.0,0.0,0.0,0.0,15.0,0.66,33.3,74.7,304.8,2473.2,0.393,0.02,0.46,0.315,0.0,0.0,0.015,0.077,0.99,0.134,0.067,6.3,0.0,6.3,6.3,8.235,0.0,0.0,0.0,0.0,0.0,0.0,0.0,0.0,0.0,0.0,0.0,0.0,0.0,0.039,0.0,0.0,0.0,0.0,0.0,0.0,0.026,0.003,0.041,0.0,0.036,0.0,0.0,0.129,0.105,0.013,0.0,0.0,0.0,0.0,0.0,0.0,0.0,0.0,13.41,0.0,0.0,0.0,0.0,0.0,0.0,0.0,0.0,0.0,0.0,0.0,0.0,0.0,0.0,0.0,0.0,0.0,0.043,0.122,0.143,0.242,0.171,0.044,0.053,0.159,0.11,0.149,0.208,0.078,0.132,0.324,0.711,0.134,0.222,0.175,0.0,0.0,0.0,0.0,0.0,0.0,0.0,0.0,0.0,0.0,0.0,0.0,0.0,0.0,0.0,0.0,0.0,0.0,0.0,0.0,0.0,0.0,0.0,0.0,0.0,0.0,0.0,0.0,0.0,0.0,0.0,0.0,0.0,0.0,0.0,0.0,0.0,0.0,0.0,0.0,0.0,0.0,0.0
11,돼지고기 두루치기,778.22,1252.95,5261.2,134.739,62.403,17.19,41.779,6.63,17.654,0.254,0.681,0.784,0.14,0.14,0.14,587.5,47.255,32.35,2089.0,631.1,1914.6,16.685,3.264,0.533,115.06,0.0,0.105,0.63,1.517,17.788,6.113,1.013,296.2,0.0,296.2,296.2,1649.975,3.9,984.0,742.0,2426.0,389.5,589.5,7320.0,3.15,2226.5,10.875,436.0,10.8,17.3,21.185,0.0,0.002,0.018,0.02,0.03,0.236,13.963,4.899,24.022,1.848,21.868,0.174,0.018,11.509,8.2,0.286,0.0,0.876,0.022,0.0,0.228,2488.0,0.0,0.0,2.205,0.136,3.172,0.12,0.525,0.428,0.2,0.026,0.104,0.072,0.084,0.018,0.048,0.0,0.0,0.0,0.0,0.0,0.364,1.414,1.79,2.894,2.494,0.776,0.555,1.418,1.384,1.979,2.274,0.859,1.74,3.354,4.178,1.066,1.48,2.694,0.0,0.0,0.0,0.004,0.468,0.078,0.002,0.0,0.0,0.0,10.8,0.0,0.0,0.0,0.0,0.0,0.0,0.0,0.0,0.0,0.0,0.0,0.0,0.0,0.0,0.0,0.0,0.0,0.0,0.0,0.0,0.0,0.0,0.0,0.0,0.0,0.0,0.0,0.0,0.0,0.0,0.0,0.0
12,매콤한 낙지볶음,501.535,130.1,541.3,14.332,1.521,9.099,34.792,7.61,5.099,1.035,2.325,1.29,0.0,0.0,0.0,61.1,2.738,90.65,293.9,1243.6,2496.52,1.751,0.347,0.966,14.565,1.1,305.9,0.413,0.585,12.099,1.751,1.118,139.9,0.0,73.9,73.9,74.83,0.051,0.9,0.9,1.0,0.0,0.0,5.15,0.0,4.0,0.07,5.75,0.115,0.445,0.256,0.0,0.0,0.0,0.0,0.002,0.008,0.191,0.045,0.241,0.022,0.205,0.004,0.0,0.381,0.289,0.063,0.0,0.009,0.002,0.002,0.003,12.75,0.0,0.0,15.84,0.0,0.0,0.0,0.04,0.0,0.5,0.0,0.0,0.0,0.0,0.0,0.0,0.0,0.0,0.0,0.0,0.0,0.152,0.449,0.493,0.746,0.736,0.204,0.137,0.518,0.421,0.631,0.703,0.307,0.597,1.019,2.045,0.497,0.486,0.446,0.33,69.0,60.0,0.0,0.0,0.0,0.0,0.0,0.0,0.0,0.015,11.1,0.1,0.0,0.0,0.0,0.0,0.0,1.0,0.0,0.0,0.0,0.0,0.0,0.0,0.0,0.0,0.0,0.0,0.0,0.0,0.0,0.0,0.0,0.0,0.0,0.0,0.0,0.0,0.0,0.0,0.0,0.0
13,닭가슴살 버섯불고기,8.28,287.25,1200.9,7.389,7.128,5.34,61.629,17.07,34.562,0.342,0.963,1.93,0.0,0.0,0.0,150.45,7.785,67.2,135.0,998.25,1967.4,2.001,0.45,0.765,9.285,0.0,0.315,0.121,0.423,5.22,0.4,0.94,12.6,0.0,12.6,12.6,29.925,0.0,666.0,0.0,6750.0,940.5,1570.5,13320.0,9.45,139.5,17.145,0.0,0.0,47.7,1.223,0.0,0.006,0.0,0.006,0.036,0.085,0.729,0.178,1.585,0.037,1.404,0.006,0.0,3.912,3.362,0.24,0.0,0.0,0.0,0.0,0.0,0.0,0.0,0.0,1.215,0.108,1.535,0.0,1.395,1.282,0.0,0.0,0.006,0.025,0.025,0.0,0.0,0.0,0.0,0.0,0.0,0.0,0.032,0.122,0.176,0.284,0.162,0.058,0.081,0.166,0.086,0.243,0.22,0.081,0.202,0.76,0.716,0.27,0.562,0.104,0.0,0.0,0.0,0.012,1.404,0.234,0.006,0.0,0.0,0.0,0.0,0.0,0.0,0.0,0.0,0.0,0.0,0.0,0.0,0.0,0.0,0.0,0.0,0.0,0.0,0.0,0.0,0.0,0.0,0.0,0.0,0.0,0.0,0.0,0.0,0.0,0.0,0.0,0.0,0.0,0.0,0.0,0.0
14,낙지볶음,138.0,73.672,308.187,6.966,2.818,5.305,32.861,7.234,3.661,0.259,0.576,0.954,0.25,0.25,0.0,61.7,3.532,62.7,169.9,986.972,1432.109,1.486,0.339,0.611,6.335,0.0,23.405,0.128,0.288,6.525,0.178,0.53,37.8,0.0,6.3,6.3,12.72,0.0,222.0,0.0,2250.0,313.5,523.5,4440.0,3.15,46.5,5.715,0.8,0.02,16.7,0.421,0.0,0.002,0.0,0.002,0.012,0.028,0.252,0.06,0.544,0.012,0.48,0.002,0.0,1.349,1.156,0.084,0.0,0.0,0.0,0.0,0.0,0.0,0.0,0.0,4.875,0.036,0.511,0.0,0.465,0.428,0.1,0.0,0.002,0.008,0.008,0.0,0.0,0.0,0.0,0.0,0.0,0.0,0.025,0.081,0.106,0.175,0.111,0.034,0.045,0.108,0.065,0.131,0.143,0.053,0.112,0.361,0.476,0.135,0.261,0.093,0.52,93.5,88.5,0.004,0.468,0.078,0.002,0.0,0.0,0.0,0.0,3.52,0.02,0.0,0.0,0.0,0.0,0.1,0.1,0.1,13.8,13.2,0.59,0.65,7.8,0.1,0.0,0.0,0.0,0.0,0.0,0.0,0.0,1.505,8.75,0.655,0.44,4.215,29.0,0.1,0.1,0.1,7.0
15,얼큰 닭고기 찌개,593.5,66.9,31.35,6.85,2.063,1.39,24.22,1.62,1.86,0.13,0.21,0.31,0.25,0.25,0.0,38.1,1.117,41.7,104.7,509.0,2038.5,1.188,0.336,0.16,4.6,129.0,23.3,0.08,0.07,1.852,0.0,0.205,5.7,0.0,5.7,5.7,21.66,0.024,1.2,0.0,15.6,0.0,0.0,0.0,0.0,0.0,0.003,0.0,0.0,9.59,0.306,0.0,0.0,0.0,0.0,0.0,0.004,0.225,0.06,0.336,0.0,0.312,0.008,0.0,0.864,0.744,0.122,0.0,0.0,0.0,0.0,0.0,0.0,0.0,0.0,0.0,0.0,0.0,0.0,0.0,0.0,0.1,0.0,0.0,0.0,0.0,0.0,0.0,0.0,0.0,0.0,0.0,0.0,0.0,0.0,0.0,0.0,0.0,0.0,0.0,0.0,0.0,0.0,0.0,0.0,0.0,0.0,0.0,0.0,0.0,0.0,0.29,73.0,72.0,0.0,0.0,0.0,0.0,0.0,0.0,0.0,0.0,0.0,0.0,0.0,0.0,0.0,0.0,0.0,0.0,0.0,13.8,13.2,0.59,0.65,7.8,0.1,0.0,0.0,0.0,0.0,0.0,0.0,0.0,0.0,0.0,0.0,0.0,0.0,0.0,0.0,0.0,0.0,0.0
16,[해외자취Cook.feel通]242. 연두 된장찌개 레시피 <연두활용요리 10탄>,610.788,1853.8,7723.35,153.799,114.657,26.149,65.61,7.87,41.351,15.076,0.327,0.012,0.0,0.0,0.008,234.75,12.142,222.65,1539.5,3097.25,6749.25,26.108,1.031,1.964,210.12,1.71,4.215,4.01,2.822,38.448,4.374,1.75,173.8,0.0,47.8,47.8,496.705,5.342,13.35,12.0,15.5,0.6,1.25,69.35,1.0,22.7,1.192,327.2,7.88,8.2,41.985,0.0,0.001,0.005,0.062,0.065,1.382,25.652,13.885,49.764,3.125,45.066,1.02,0.0,10.918,9.59,0.398,0.0,0.36,0.0,0.0,0.0,516.0,0.0,0.0,50.335,0.0,0.328,0.0,0.042,0.0,0.0,0.0,0.0,0.0,0.0,0.0,0.001,0.0,0.0,0.0,0.008,0.0,1.802,6.537,6.712,11.654,12.772,3.695,1.865,5.895,4.99,7.816,9.322,5.549,8.5,13.545,22.97,7.714,6.588,6.152,0.92,82.0,66.0,0.0,0.032,0.008,0.0,0.0,0.0,0.0,7.8,14.08,0.08,0.0,0.0,0.0,0.0,0.4,0.4,0.4,0.0,0.0,0.0,0.0,0.0,0.0,0.0,0.0,0.0,0.0,0.0,0.0,0.0,6.02,35.0,2.62,1.76,16.86,116.0,0.4,0.4,0.4,28.0
17,느타리버섯 간장 불고기,404.12,2318.7,9662.45,169.071,150.786,10.38,66.274,8.33,41.061,0.114,0.321,0.644,0.0,0.0,0.0,245.65,12.829,148.35,1424.0,2884.45,3756.8,28.365,0.948,0.339,243.16,0.0,5.005,4.504,2.626,30.16,4.788,1.924,39.2,0.0,39.2,39.2,565.82,6.16,236.0,14.0,2250.0,313.5,523.5,4489.0,3.15,46.5,9.205,378.0,9.1,24.93,51.466,0.0,0.002,0.0,0.072,0.082,1.638,31.758,16.522,69.604,3.841,63.593,1.239,0.0,15.716,13.434,0.614,0.0,0.42,0.0,0.0,0.0,602.0,0.0,0.0,22.12,0.052,0.636,0.0,0.465,0.428,0.0,0.0,0.005,0.07,0.028,0.0,0.0,0.0,0.019,0.0,0.0,0.0,1.991,7.32,7.478,12.974,14.474,4.206,2.05,6.475,5.524,8.761,10.363,6.278,9.588,15.094,25.018,8.7,7.188,6.712,0.0,0.0,0.0,0.004,0.468,0.078,0.002,0.0,0.0,0.0,9.1,0.0,0.0,0.0,0.0,0.0,0.0,0.0,0.0,0.0,0.0,0.0,0.0,0.0,0.0,0.0,0.0,0.0,0.0,0.0,0.0,0.0,0.0,0.0,0.0,0.0,0.0,0.0,0.0,0.0,0.0,0.0,0.0
18,황사에 좋은 더덕 제육볶음,1037.235,1673.65,7005.65,215.094,53.238,29.742,69.894,1.84,0.454,0.038,0.107,0.215,0.0,0.0,0.0,332.3,61.378,347.7,2585.3,2533.85,3490.8,24.324,1.482,61.297,807.605,124.26,122.685,2.714,3.834,27.624,8.621,1.013,686.4,0.0,686.4,686.4,7.585,216.026,995.6,919.65,773.7,104.5,174.5,4591.0,1.05,15.5,2.266,0.0,0.0,6.355,15.358,0.484,0.302,0.179,0.38,0.394,2.188,8.634,2.745,12.768,2.762,6.912,2.5,0.468,11.75,0.978,0.565,0.63,1.26,2.484,0.396,4.554,536.25,0.0,0.0,0.135,0.012,0.17,0.0,0.155,0.143,0.0,0.0,0.085,0.023,0.003,0.0,0.0,0.0,0.0,0.0,0.0,0.0,2.409,9.201,9.39,15.168,16.051,4.843,2.819,7.704,6.875,9.399,15.691,4.127,12.988,20.804,29.274,13.445,8.816,9.651,0.0,0.0,0.0,0.001,2.706,0.073,0.001,0.0,0.447,0.0,0.0,0.0,0.0,0.144,0.325,0.04,0.044,0.0,0.0,0.6,0.0,0.0,0.0,0.0,0.0,0.0,0.0,0.0,0.0,0.0,0.0,0.0,0.0,0.0,0.0,0.0,0.0,0.0,0.0,0.0,0.0,0.0,0.0
19,홍합 스튜,0.0,160.8,672.0,27.912,2.112,0.0,5.616,0.0,0.0,0.0,0.0,0.0,0.0,0.0,0.0,0.0,0.0,0.0,0.0,686.4,122.4,0.0,0.0,0.0,0.0,0.0,0.0,0.0,0.0,0.0,0.0,0.0,0.0,0.0,0.0,0.0,0.0,0.0,0.0,0.0,0.0,0.0,0.0,0.0,0.0,0.0,0.0,0.0,0.0,0.0,0.206,0.0,0.0,0.0,0.0,0.0,0.0,0.0,0.0,0.175,0.0,0.0,0.0,0.0,0.617,0.0,0.0,0.0,0.0,0.0,0.0,0.0,74.4,0.0,0.0,0.0,0.0,0.0,0.0,0.0,0.0,0.0,0.0,0.0,0.0,0.0,0.0,0.0,0.0,0.0,0.0,0.0,0.0,0.0,0.0,0.0,0.0,0.0,0.0,0.0,0.0,0.0,0.0,0.0,0.0,0.0,0.0,0.0,0.0,0.0,0.0,0.0,0.0,0.0,0.0,0.0,0.0,0.0,0.0,0.0,0.0,0.0,0.0,0.0,0.0,0.0,0.0,0.0,0.0,0.0,0.0,0.0,0.0,0.0,0.0,0.0,0.0,0.0,0.0,0.0,0.0,0.0,0.0,0.0,0.0,0.0,0.0,0.0,0.0,0.0,0.0,0.0,0.0,0.0
20,우거지 된장찌개,0.0,6.2,26.0,0.526,0.136,0.0,1.084,0.22,0.834,0.0,0.0,0.0,0.0,0.0,0.0,0.0,0.0,0.0,0.0,120.8,3.4,0.0,0.0,0.0,0.0,0.0,0.0,0.0,0.0,0.0,0.0,0.0,0.0,0.0,0.0,0.0,0.0,0.0,0.0,0.0,0.0,0.0,0.0,0.0,0.0,0.0,0.0,0.0,0.0,0.0,0.005,0.0,0.0,0.0,0.0,0.0,0.0,0.0,0.0,0.045,0.0,0.0,0.0,0.0,0.045,0.0,0.0,0.0,0.0,0.0,0.0,0.0,0.0,0.0,0.0,0.0,0.0,0.0,0.0,0.0,0.0,0.0,0.0,0.0,0.0,0.0,0.0,0.0,0.0,0.0,0.0,0.0,0.0,0.0,0.0,0.0,0.0,0.0,0.0,0.0,0.0,0.0,0.0,0.0,0.0,0.0,0.0,0.0,0.0,0.0,0.0,0.0,0.0,0.0,0.0,0.0,0.0,0.0,0.0,0.0,0.0,0.0,0.0,0.0,0.0,0.0,0.0,0.0,0.0,0.0,0.0,0.0,0.0,0.0,0.0,0.0,0.0,0.0,0.0,0.0,0.0,0.0,0.0,0.0,0.0,0.0,0.0,0.0,0.0,0.0,0.0,0.0,0.0,0.0
21,냉이 된장찌개,436.3,161.5,673.0,14.64,3.26,1.12,20.58,6.3,8.37,0.0,0.0,0.0,0.0,0.0,0.0,85.5,1.625,24.5,87.0,962.5,1908.0,0.9,0.169,0.035,18.25,103.2,0.0,0.028,0.128,7.0,0.322,0.072,4.5,0.0,4.5,4.5,0.0,0.31,7.5,7.5,0.0,0.0,0.0,25.0,0.0,0.0,0.285,0.0,0.0,0.05,0.796,0.0,0.0,0.0,0.0,0.007,0.151,0.358,0.126,0.743,0.2,0.312,0.0,0.058,1.174,0.048,0.0,0.028,0.004,0.269,0.014,0.456,30.0,0.0,0.0,0.0,0.0,0.0,0.0,0.0,0.0,0.0,0.0,0.0,0.0,0.0,0.0,0.0,0.0,0.0,0.0,0.0,0.0,0.114,0.446,0.469,0.825,0.935,0.301,0.109,0.397,0.344,0.525,0.61,0.3,0.615,1.04,1.52,0.488,0.36,0.415,0.0,0.0,0.0,0.0,0.0,0.0,0.0,0.0,0.0,0.0,0.0,0.0,0.0,0.0,0.0,0.0,0.0,0.0,0.0,0.0,0.0,0.0,0.0,0.0,0.0,0.0,0.0,0.0,0.0,0.0,0.0,0.0,0.0,0.0,0.0,0.0,0.0,0.0,0.0,0.0,0.0,0.0,0.0
22,별미 중에 별미 열무김치찌개,1611.14,3437.2,14373.7,307.65,127.977,39.19,264.707,27.0,92.429,0.338,2.402,2.737,0.0,0.01,0.0,806.8,30.955,747.2,4616.8,7371.0,8948.8,34.053,36.612,2.671,895.08,1.0,124.01,1.425,9.2,68.274,19.528,2.198,369.6,144.0,225.6,465.6,138.14,19.68,625.0,176.0,4542.0,660.0,1047.0,9538.0,6.3,123.0,11.63,40.0,1.0,107.8,31.412,0.0,0.004,0.0,0.009,0.049,1.091,18.767,11.195,45.327,0.169,43.892,0.788,0.128,38.269,26.743,1.774,0.112,0.16,2.592,0.064,6.08,4160.0,0.0,0.0,10.15,0.072,1.023,0.0,0.97,0.855,0.0,0.0,0.004,0.016,0.016,0.0,0.0,0.0,0.0,0.0,0.0,0.0,3.413,12.78,12.987,21.131,21.601,6.638,4.017,11.045,9.52,13.695,21.276,5.896,18.085,28.73,43.885,18.379,13.364,13.56,0.0,0.0,0.0,0.008,0.936,0.156,0.004,0.0,0.0,0.0,0.0,0.0,1.0,0.0,0.0,0.0,0.0,0.0,0.0,0.0,0.0,0.0,0.0,0.0,0.0,0.0,0.0,0.0,0.0,0.0,0.0,0.0,0.0,0.0,0.0,0.0,0.0,0.0,0.0,0.0,0.0,0.0,0.0
23,매콤함에 몸서리쳐지는 오징어 볶음,457.57,671.05,2807.0,21.007,25.32,15.51,124.412,29.45,31.2,1.491,3.389,3.864,0.0,0.0,0.0,309.35,12.212,169.2,353.2,2392.35,5084.07,3.626,0.843,1.988,20.715,1.1,328.82,0.348,0.967,10.224,0.833,2.279,141.1,0.0,75.1,75.1,57.435,0.0,999.5,0.0,10341.0,1254.5,2094.0,19997.0,12.6,210.0,27.245,0.0,0.0,86.75,3.176,0.0,0.008,0.0,0.008,0.049,0.133,2.049,0.65,4.631,0.094,4.298,0.008,0.0,15.893,15.061,0.379,0.0,0.0,0.0,0.0,0.0,0.0,0.0,0.0,15.28,0.144,2.046,0.0,1.9,1.71,0.0,0.0,0.008,0.033,0.033,0.0,0.0,0.0,0.0,0.0,0.0,0.0,0.107,0.329,0.434,0.689,0.471,0.128,0.174,0.428,0.252,0.527,0.648,0.213,0.466,1.483,2.103,0.54,0.999,0.358,0.33,69.0,60.0,0.016,1.872,0.311,0.008,0.0,0.0,0.0,0.0,11.1,0.0,0.0,0.0,0.0,0.0,0.0,0.0,0.0,0.0,0.0,0.0,0.0,0.0,0.0,0.0,0.0,0.0,0.0,0.0,0.0,0.0,0.0,0.0,0.0,0.0,0.0,0.0,0.0,0.0,0.0,0.0
24,주꾸미 볶음,94.1,15.0,62.7,1.17,0.485,0.28,7.18,0.9,1.2,0.0,0.0,0.0,0.0,0.0,0.0,7.0,0.19,9.0,17.0,163.0,680.49,0.13,0.058,0.1,2.5,0.0,99.5,0.039,0.089,0.636,0.0,0.247,22.0,0.0,0.0,0.0,0.0,0.0,0.0,0.0,0.0,0.0,0.0,0.0,0.0,0.0,0.0,0.0,0.0,0.0,0.0,0.0,0.0,0.0,0.0,0.0,0.0,0.0,0.0,0.0,0.0,0.0,0.0,0.0,0.0,0.0,0.0,0.0,0.0,0.0,0.0,0.0,0.0,0.0,0.0,0.0,0.0,0.0,0.0,0.0,0.0,0.0,0.0,0.0,0.0,0.0,0.0,0.0,0.0,0.0,0.0,0.0,0.0,0.0,0.0,0.0,0.0,0.0,0.0,0.0,0.0,0.0,0.0,0.0,0.0,0.0,0.0,0.0,0.0,0.0,0.0,0.11,23.0,20.0,0.0,0.0,0.0,0.0,0.0,0.0,0.0,0.0,3.7,0.0,0.0,0.0,0.0,0.0,0.0,0.0,0.0,0.0,0.0,0.0,0.0,0.0,0.0,0.0,0.0,0.0,0.0,0.0,0.0,0.0,0.0,0.0,0.0,0.0,0.0,0.0,0.0,0.0,0.0,0.0
25,시엄마표 청국장 언제나 맛있게 먹는 남편,452.12,625.8,2611.6,59.894,31.133,6.852,40.68,6.915,17.564,0.015,0.045,0.0,0.0,0.0,0.0,1221.55,19.671,152.3,628.8,1469.95,1636.0,5.445,0.783,2.355,78.355,0.0,142.945,1.213,0.671,7.127,0.975,0.95,105.85,0.0,58.85,58.85,194.74,0.72,2.0,2.0,0.0,0.0,0.0,296.0,0.0,0.0,0.324,53.0,1.3,8.16,7.723,0.0,0.0,0.0,0.01,0.01,0.224,4.944,2.293,9.964,0.464,9.151,0.11,0.0,10.765,9.2,1.129,0.0,0.05,0.0,0.0,0.0,80.0,0.0,0.0,8.07,0.0,0.0,0.0,0.0,0.0,0.0,0.0,0.0,0.0,0.0,0.0,0.0,0.0,0.0,0.0,0.0,0.0,0.76,2.637,2.787,4.685,4.044,1.094,0.46,2.598,2.193,3.036,4.173,1.848,2.99,6.154,10.169,2.73,3.121,2.953,0.14,31.0,27.0,0.0,0.0,0.0,0.0,0.0,0.0,0.0,1.3,0.427,0.0,0.0,0.0,0.0,0.0,0.0,0.0,0.0,0.0,0.0,0.0,0.0,0.0,0.0,0.0,0.0,0.0,0.0,0.0,0.0,0.0,0.0,0.0,0.0,0.0,0.0,0.0,0.0,0.0,0.0,0.0
26,매콤한 마파두부,521.423,5509.95,23056.85,182.292,22.2,10.872,1147.126,56.725,333.476,17.773,2.482,2.712,0.0,0.005,0.0,213.1,9.76,191.8,892.9,5247.45,9730.53,5.072,0.731,1.253,94.835,0.5,219.91,0.476,0.911,46.856,4.112,3.214,99.0,0.0,55.0,55.0,296.245,1.02,1173.5,18.0,13031.0,650.5,1047.0,23192.0,6.3,108.0,12.575,15.0,0.3,72.5,5.089,0.0,0.004,0.0,0.004,0.054,0.147,2.6,0.871,6.716,0.475,4.077,0.094,0.0,7.456,4.068,0.255,0.0,0.18,0.03,0.03,0.06,255.0,0.0,12.6,24.08,0.082,1.023,0.0,0.96,0.855,0.0,0.0,0.004,0.016,0.016,0.0,0.0,0.0,0.0,0.0,0.0,0.0,1.158,4.152,5.155,7.372,8.173,2.666,1.29,3.959,3.287,4.939,5.919,3.011,5.347,9.338,14.936,4.863,4.365,3.452,0.22,46.0,40.0,0.008,0.936,0.156,0.004,0.0,0.0,0.0,0.3,7.4,0.0,0.0,0.0,0.0,0.0,0.0,0.0,0.0,0.0,0.0,0.0,0.0,0.0,0.0,0.0,0.0,0.0,0.0,0.0,0.0,0.0,0.0,0.0,0.0,0.0,0.0,0.0,0.0,0.0,0.0,0.0
27,매콤한 닭떡볶음,0.0,1024.0,4250.0,59.3,9.6,0.0,212.0,39.0,98.1,0.0,0.0,0.0,0.0,0.0,0.0,0.0,0.0,0.0,0.0,7760.0,20630.0,0.0,0.0,0.0,0.0,0.0,0.0,0.0,0.0,0.0,0.0,0.0,0.0,0.0,0.0,0.0,0.0,0.0,0.0,0.0,0.0,0.0,0.0,0.0,0.0,0.0,0.0,0.0,0.0,0.0,1.41,0.0,0.0,0.0,0.0,0.0,0.0,0.0,0.0,1.35,0.0,0.0,0.0,0.0,4.41,0.0,0.0,0.0,0.0,0.0,0.0,0.0,0.0,0.0,0.0,0.0,0.0,0.0,0.0,0.0,0.0,0.0,0.0,0.0,0.0,0.0,0.0,0.0,0.0,0.0,0.0,0.0,0.0,0.0,0.0,0.0,0.0,0.0,0.0,0.0,0.0,0.0,0.0,0.0,0.0,0.0,0.0,0.0,0.0,0.0,0.0,0.0,0.0,0.0,0.0,0.0,0.0,0.0,0.0,0.0,0.0,0.0,0.0,0.0,0.0,0.0,0.0,0.0,0.0,0.0,0.0,0.0,0.0,0.0,0.0,0.0,0.0,0.0,0.0,0.0,0.0,0.0,0.0,0.0,0.0,0.0,0.0,0.0,0.0,0.0,0.0,0.0,0.0,0.0
28,압력솥돼지고기김치짜개&사리면,143.19,206.0,862.6,12.304,5.923,4.79,34.854,14.55,10.393,0.228,0.722,1.407,0.0,0.0,0.0,147.5,7.4,78.7,172.0,860.1,4449.6,2.32,0.469,0.698,6.97,0.0,8.41,0.156,0.513,4.511,0.829,0.767,70.4,0.0,70.4,70.4,42.1,0.0,454.5,0.0,4614.5,633.5,1053.0,9081.5,6.3,117.5,11.505,0.0,0.0,84.1,0.957,0.0,0.004,0.0,0.004,0.026,0.06,0.574,0.128,1.178,0.025,1.01,0.004,0.0,3.24,2.527,0.403,0.0,0.0,0.0,0.0,0.0,0.0,0.0,0.0,1.21,0.072,1.023,0.0,0.93,0.855,0.0,0.0,0.004,0.016,0.016,0.0,0.0,0.0,0.0,0.0,0.0,0.0,0.021,0.215,0.26,0.456,0.322,0.039,0.054,0.111,0.057,0.307,0.147,0.054,0.135,0.507,0.477,0.18,0.375,0.069,0.0,0.0,0.0,0.008,0.936,0.156,0.004,0.0,0.0,0.0,0.0,0.0,0.0,0.0,0.0,0.0,0.0,0.0,0.0,0.0,0.0,0.0,0.0,0.0,0.0,0.0,0.0,0.0,0.0,0.0,0.0,0.0,0.0,0.0,0.0,0.0,0.0,0.0,0.0,0.0,0.0,0.0,0.0
29,부대찌개/집에서 간단하게 끓여보세요,3190.7,3163.65,13308.2,212.898,228.146,52.84,100.505,51.02,31.816,0.0,0.0,0.0,0.0,0.0,0.0,1090.3,77.198,475.0,841.0,7201.0,16521.18,7.62,1.076,0.737,33.1,0.0,341.0,0.453,6.64,35.392,0.088,7.302,1677.0,0.0,1586.0,1586.0,465.09,0.0,150.0,0.0,1650.0,30.0,0.0,2790.0,0.0,1470.0,7.62,0.0,0.0,1326.06,72.79,0.0,0.0,0.0,0.0,0.09,0.094,5.242,0.723,103.857,0.382,22.792,0.093,0.0,27.469,6.714,4.427,0.0,0.0,0.0,0.0,0.0,722.75,0.0,0.0,0.03,0.033,0.249,0.0,0.0,0.0,0.0,0.0,0.007,0.124,0.039,0.0,0.0,0.0,0.038,0.0,0.0,0.0,0.05,0.131,0.159,0.244,0.212,0.041,0.044,0.157,0.108,0.162,0.214,0.093,0.132,0.355,0.556,0.126,0.173,0.151,0.36,77.0,67.0,0.0,0.0,0.0,0.0,0.0,0.0,0.0,0.0,7.827,0.0,0.0,0.0,0.0,0.0,0.0,0.0,0.0,0.0,0.0,0.0,0.0,0.0,0.0,0.0,0.0,0.0,0.0,0.0,0.0,0.0,0.0,0.0,0.0,0.0,0.0,0.0,0.0,0.0,0.0,0.0
30,추억의 맛 비지찌게,138.7,212.0,885.0,18.93,10.715,0.645,23.54,7.1,0.67,0.0,0.0,0.0,0.0,0.0,0.0,8.25,0.54,15.95,60.0,1101.0,231.99,0.47,0.111,0.143,3.2,0.0,99.5,0.074,0.211,3.511,0.0,0.296,53.5,0.0,0.0,0.0,0.0,0.0,0.0,0.0,0.0,0.0,0.0,0.0,0.0,0.0,0.0,0.8,0.02,0.0,1.387,0.0,0.0,0.0,0.0,0.0,0.0,0.0,0.0,3.144,0.0,0.0,0.0,0.0,4.883,0.0,0.0,0.0,0.0,0.0,0.0,0.0,0.0,0.0,0.0,0.0,0.0,0.0,0.0,0.0,0.0,0.0,0.0,0.0,0.0,0.0,0.0,0.0,0.0,0.0,0.0,0.0,0.0,0.0,0.0,0.0,0.0,0.0,0.0,0.0,0.0,0.0,0.0,0.0,0.0,0.0,0.0,0.0,0.0,0.0,0.0,0.34,43.5,36.5,0.0,0.0,0.0,0.0,0.0,0.0,0.0,0.0,7.22,0.02,0.0,0.0,0.0,0.0,0.1,0.1,0.1,0.0,0.0,0.0,0.0,0.0,0.0,0.0,0.0,0.0,0.0,0.0,0.0,0.0,1.505,8.75,0.655,0.44,4.215,29.0,0.1,0.1,0.1,7.0
31,청국장찌개,0.0,0.0,0.0,0.0,0.0,0.0,0.0,0.0,0.0,0.0,0.0,0.0,0.0,0.0,0.0,0.0,0.0,0.0,0.0,0.0,0.0,0.0,0.0,0.0,0.0,0.0,0.0,0.0,0.0,0.0,0.0,0.0,0.0,0.0,0.0,0.0,0.0,0.0,0.0,0.0,0.0,0.0,0.0,0.0,0.0,0.0,0.0,0.0,0.0,0.0,0.0,0.0,0.0,0.0,0.0,0.0,0.0,0.0,0.0,0.0,0.0,0.0,0.0,0.0,0.0,0.0,0.0,0.0,0.0,0.0,0.0,0.0,0.0,0.0,0.0,0.0,0.0,0.0,0.0,0.0,0.0,0.0,0.0,0.0,0.0,0.0,0.0,0.0,0.0,0.0,0.0,0.0,0.0,0.0,0.0,0.0,0.0,0.0,0.0,0.0,0.0,0.0,0.0,0.0,0.0,0.0,0.0,0.0,0.0,0.0,0.0,0.0,0.0,0.0,0.0,0.0,0.0,0.0,0.0,0.0,0.0,0.0,0.0,0.0,0.0,0.0,0.0,0.0,0.0,0.0,0.0,0.0,0.0,0.0,0.0,0.0,0.0,0.0,0.0,0.0,0.0,0.0,0.0,0.0,0.0,0.0,0.0,0.0,0.0,0.0,0.0,0.0,0.0,0.0
32,"매콤한 된장찌개, 건더기 많은 된장찌개 ₩",257.23,944.55,3951.7,20.498,34.152,1.871,145.287,9.945,40.9,0.99,1.97,1.29,9.36,0.0,0.0,248.3,0.432,29.8,200.0,1371.8,3141.8,0.926,0.057,0.134,7.42,5.78,8.4,0.082,0.36,0.283,0.773,0.187,28.0,0.0,28.0,28.0,38.05,0.846,25.2,23.4,4.6,0.0,0.0,86.6,0.0,4.0,4.358,1.8,0.0,18.64,5.727,0.043,0.032,0.023,0.049,0.052,0.168,3.941,0.816,23.011,0.409,21.853,0.093,0.0,4.192,2.995,0.24,0.0,0.0,0.0,0.0,0.0,9.0,0.0,0.0,1.21,0.033,0.249,0.0,0.04,0.0,0.0,0.018,0.017,0.128,0.039,0.0,0.013,0.004,0.041,0.0,0.0,0.0,0.091,0.278,0.327,0.599,0.547,0.16,0.04,0.338,0.32,0.417,0.277,0.196,0.226,0.609,1.619,0.146,0.61,0.386,0.106,14.3,13.0,0.0,0.383,0.007,0.0,0.0,0.067,0.0,0.0,0.0,0.0,0.031,0.049,0.0,0.005,0.0,0.0,0.0,0.0,0.0,0.0,0.0,0.0,0.0,0.0,0.0,0.0,0.0,0.0,0.0,0.0,0.0,0.0,0.0,0.0,0.0,0.0,0.0,0.0,0.0,0.0
33,매콤한 떡닭가슴살볶음,201.68,261.1,1005.1,13.083,6.027,7.56,47.872,16.665,17.53,0.243,0.687,1.287,0.0,0.0,0.0,132.7,7.482,102.7,201.8,1778.3,1971.6,1.943,0.566,1.037,7.405,0.0,288.21,0.224,0.479,6.29,0.713,1.661,56.5,0.0,56.5,56.5,44.495,0.0,540.0,0.0,5568.0,699.0,1127.0,10784.0,6.3,1511.0,12.81,0.0,0.0,59.8,0.911,0.0,0.004,0.0,0.004,0.024,0.061,0.561,0.134,1.104,0.025,0.996,0.004,0.0,3.114,2.732,0.186,0.0,0.0,0.0,0.0,0.0,0.0,2.415,0.0,5.28,0.072,1.023,0.0,0.93,0.855,0.0,0.0,0.004,0.016,0.016,0.0,0.0,0.0,0.0,0.0,0.0,0.0,0.087,0.27,0.295,0.48,0.343,0.102,0.148,0.288,0.178,0.38,0.408,0.162,0.343,1.187,1.242,0.373,0.623,0.287,0.0,0.0,0.0,0.008,0.936,0.156,0.004,0.0,0.0,0.0,0.0,0.0,0.0,0.0,0.0,0.0,0.0,0.0,0.0,0.0,0.0,0.0,0.0,0.0,0.0,0.0,0.0,0.0,0.0,0.0,0.0,0.0,0.0,0.0,0.0,0.0,0.0,0.0,0.0,0.0,0.0,0.0,0.0
34,쭈꾸미 버섯 볶음,330.003,1377.65,5509.2,77.533,89.248,12.092,74.692,25.74,22.44,15.342,1.493,1.93,0.0,0.0,0.0,166.8,10.923,134.95,424.5,2710.75,3966.7,3.706,0.722,1.355,16.95,0.0,142.315,0.627,1.017,20.96,3.189,1.488,159.8,0.0,112.8,112.8,130.815,0.0,666.0,0.0,6750.0,940.5,1570.5,13320.0,9.45,139.5,17.165,10.0,0.2,47.7,27.83,0.0,0.006,0.0,0.006,0.036,0.085,0.8,0.18,37.275,0.037,1.428,0.006,0.0,16.811,3.596,0.331,0.0,0.0,0.0,0.0,0.0,252.0,7.245,0.0,12.955,0.108,1.535,0.0,1.395,1.282,1.0,0.0,0.006,0.025,0.025,0.0,0.0,0.0,0.0,0.0,0.0,0.0,0.14,0.423,0.451,0.705,0.536,0.148,0.156,0.572,0.439,0.803,0.579,0.273,0.671,1.356,1.95,0.579,0.83,0.4,0.14,31.0,27.0,0.012,1.404,0.234,0.006,0.0,0.0,0.0,0.0,0.427,0.2,0.0,0.0,0.0,0.0,0.0,2.0,0.0,0.0,0.0,0.0,0.0,0.0,0.0,0.0,0.0,0.0,0.0,0.0,0.0,0.0,0.0,0.0,0.0,0.0,0.0,0.0,0.0,0.0,0.0,0.0
35,훈제오리 양념볶음,274.2,163.4,433.0,20.84,3.363,2.2,40.42,5.52,2.08,0.13,0.43,0.31,0.25,0.25,0.0,29.1,2.617,63.7,236.7,1367.0,1177.5,1.988,0.403,0.368,9.3,0.0,165.3,0.36,0.412,9.902,1.35,0.608,100.7,0.0,53.7,53.7,69.36,0.024,1.2,0.0,15.6,0.0,0.0,0.0,0.0,0.0,0.013,5.0,0.1,9.59,0.419,0.0,0.0,0.0,0.0,0.0,0.004,0.252,0.06,0.409,0.0,0.312,0.008,0.0,1.245,0.826,0.162,0.0,0.0,0.0,0.0,0.0,31.0,0.0,0.0,1.4,0.0,0.0,0.0,0.0,0.0,0.6,0.0,0.0,0.0,0.0,0.0,0.0,0.0,0.0,0.0,0.0,0.0,0.04,0.11,0.09,0.13,0.13,0.03,0.02,0.15,0.14,0.23,0.11,0.07,0.19,0.19,0.38,0.11,0.06,0.09,0.43,104.0,99.0,0.0,0.0,0.0,0.0,0.0,0.0,0.0,0.0,0.427,0.1,0.0,0.0,0.0,0.0,0.0,1.0,0.0,13.8,13.2,0.59,0.65,7.8,0.1,0.0,0.0,0.0,0.0,0.0,0.0,0.0,0.0,0.0,0.0,0.0,0.0,0.0,0.0,0.0,0.0,0.0
36,시원한 국물 맛의 바지락 된장찌개,0.0,0.0,0.0,0.0,0.0,0.0,0.0,0.0,0.0,0.0,0.0,0.0,0.0,0.0,0.0,0.0,0.0,0.0,0.0,0.0,0.0,0.0,0.0,0.0,0.0,0.0,0.0,0.0,0.0,0.0,0.0,0.0,0.0,0.0,0.0,0.0,0.0,0.0,0.0,0.0,0.0,0.0,0.0,0.0,0.0,0.0,0.0,0.0,0.0,0.0,0.0,0.0,0.0,0.0,0.0,0.0,0.0,0.0,0.0,0.0,0.0,0.0,0.0,0.0,0.0,0.0,0.0,0.0,0.0,0.0,0.0,0.0,0.0,0.0,0.0,0.0,0.0,0.0,0.0,0.0,0.0,0.0,0.0,0.0,0.0,0.0,0.0,0.0,0.0,0.0,0.0,0.0,0.0,0.0,0.0,0.0,0.0,0.0,0.0,0.0,0.0,0.0,0.0,0.0,0.0,0.0,0.0,0.0,0.0,0.0,0.0,0.0,0.0,0.0,0.0,0.0,0.0,0.0,0.0,0.0,0.0,0.0,0.0,0.0,0.0,0.0,0.0,0.0,0.0,0.0,0.0,0.0,0.0,0.0,0.0,0.0,0.0,0.0,0.0,0.0,0.0,0.0,0.0,0.0,0.0,0.0,0.0,0.0,0.0,0.0,0.0,0.0,0.0,0.0
37,두부넣고 시원하고 깔끔한 맛의 굴새우젓찌개만들기,188.0,245.75,1025.6,3.943,15.918,2.864,25.705,3.045,16.9,0.0,0.0,0.0,0.0,0.0,0.0,32.8,2.087,46.6,89.3,652.1,510.0,0.534,0.28,0.382,1.66,0.0,288.015,0.146,0.191,2.7,0.404,1.014,48.25,0.0,48.25,48.25,22.355,0.061,96.0,0.0,1068.0,72.0,80.0,1904.0,0.0,1418.0,1.59,0.0,0.0,30.04,2.22,0.0,0.0,0.0,0.0,0.0,0.004,1.405,0.735,6.014,0.031,5.953,0.03,0.0,6.743,6.66,0.067,0.0,0.0,0.0,0.0,0.0,0.0,0.0,0.0,0.0,0.0,0.0,0.0,0.0,0.0,0.0,0.0,0.0,0.0,0.0,0.0,0.0,0.0,0.0,0.0,0.0,0.0,0.052,0.148,0.13,0.21,0.178,0.048,0.076,0.124,0.084,0.168,0.192,0.082,0.164,0.572,0.528,0.148,0.174,0.16,0.0,0.0,0.0,0.0,0.0,0.0,0.0,0.0,0.0,0.0,0.0,0.0,0.0,0.0,0.0,0.0,0.0,0.0,0.0,0.0,0.0,0.0,0.0,0.0,0.0,0.0,0.0,0.0,0.0,0.0,0.0,0.0,0.0,0.0,0.0,0.0,0.0,0.0,0.0,0.0,0.0,0.0,0.0
39,소고기 야채 볶음,1894.2,1478.5,6181.0,148.405,61.26,15.38,77.19,5.5,5.445,0.0,4.76,0.0,0.0,0.0,0.0,352.0,8.9,356.0,2232.0,2862.0,2732.5,16.1,17.356,1.02,425.8,309.6,33.6,0.478,4.098,28.56,7.08,1.05,138.0,72.0,66.0,186.0,0.0,9.84,88.0,88.0,0.0,0.0,0.0,280.0,0.0,0.0,0.0,36.0,0.8,0.0,15.106,0.0,0.0,0.0,0.0,0.0,0.512,9.04,5.512,22.164,0.072,21.44,0.392,0.064,17.3,11.76,0.8,0.056,0.08,1.296,0.032,3.04,2080.0,0.0,0.0,0.0,0.0,0.0,0.0,0.0,0.0,0.0,0.0,0.0,0.0,0.0,0.0,0.0,0.0,0.0,0.0,0.0,0.0,1.638,6.372,6.462,10.538,10.748,3.29,1.98,5.47,4.764,6.578,10.632,2.896,8.894,14.202,22.08,9.17,6.464,6.786,0.0,0.0,0.0,0.0,0.0,0.0,0.0,0.0,0.0,0.0,0.0,0.0,0.8,0.0,0.0,0.0,0.0,0.0,4.0,0.0,0.0,0.0,0.0,0.0,0.0,0.0,0.0,0.0,0.0,0.0,0.0,0.0,0.0,0.0,0.0,0.0,0.0,0.0,0.0,0.0,0.0,0.0,0.0
40,삼겹살 고추장 불고기,0.0,0.0,0.0,0.0,0.0,0.0,0.0,0.0,0.0,0.0,0.0,0.0,0.0,0.0,0.0,0.0,0.0,0.0,0.0,0.0,0.0,0.0,0.0,0.0,0.0,0.0,0.0,0.0,0.0,0.0,0.0,0.0,0.0,0.0,0.0,0.0,0.0,0.0,0.0,0.0,0.0,0.0,0.0,0.0,0.0,0.0,0.0,0.0,0.0,0.0,0.0,0.0,0.0,0.0,0.0,0.0,0.0,0.0,0.0,0.0,0.0,0.0,0.0,0.0,0.0,0.0,0.0,0.0,0.0,0.0,0.0,0.0,0.0,0.0,0.0,0.0,0.0,0.0,0.0,0.0,0.0,0.0,0.0,0.0,0.0,0.0,0.0,0.0,0.0,0.0,0.0,0.0,0.0,0.0,0.0,0.0,0.0,0.0,0.0,0.0,0.0,0.0,0.0,0.0,0.0,0.0,0.0,0.0,0.0,0.0,0.0,0.0,0.0,0.0,0.0,0.0,0.0,0.0,0.0,0.0,0.0,0.0,0.0,0.0,0.0,0.0,0.0,0.0,0.0,0.0,0.0,0.0,0.0,0.0,0.0,0.0,0.0,0.0,0.0,0.0,0.0,0.0,0.0,0.0,0.0,0.0,0.0,0.0,0.0,0.0,0.0,0.0,0.0,0.0
41,오늘부터 밥도둑은 나 오징어 파김치 찌개,281.65,744.85,3129.225,69.642,36.0,9.73,47.991,16.905,20.974,0.228,0.882,1.647,0.0,0.0,0.0,196.2,8.087,125.75,300.0,1782.05,4566.6,4.055,0.772,1.079,7.925,0.1,24.81,0.303,0.66,4.923,1.955,0.729,116.4,0.0,116.4,116.4,63.15,0.0,468.0,0.0,4761.0,645.0,1065.0,9345.0,6.3,93.0,11.49,0.0,0.0,123.3,7.759,0.0,0.004,0.0,0.004,0.024,0.063,0.663,0.143,11.713,0.025,1.104,0.004,0.0,13.6,2.943,0.685,0.0,0.0,0.0,0.0,0.0,150.0,0.0,0.0,2.01,0.072,1.023,0.0,0.93,0.855,0.0,0.0,0.004,0.016,0.016,0.0,0.0,0.0,0.0,0.0,0.0,0.0,0.021,0.483,0.546,0.99,0.75,0.039,0.054,0.111,0.057,0.597,0.147,0.054,0.135,0.507,0.477,0.18,0.375,0.069,0.0,0.0,0.0,0.008,0.936,0.156,0.004,0.0,0.0,0.0,0.0,0.0,0.0,0.0,0.0,0.0,0.0,0.0,0.0,0.0,0.0,0.0,0.0,0.0,0.0,0.0,0.0,0.0,0.0,0.0,0.0,0.0,0.0,0.0,0.0,0.0,0.0,0.0,0.0,0.0,0.0,0.0,0.0
42,햄 두부김치,424.84,1315.5,5497.6,62.76,25.048,3.304,221.908,4.97,15.634,1.32,2.909,2.013,0.0,0.0,0.0,77.3,2.147,78.8,471.3,1357.5,1501.53,4.344,0.303,0.419,78.13,2.03,233.7,1.558,0.735,9.631,1.306,1.46,79.7,0.0,35.7,35.7,159.82,1.12,8.6,3.2,63.7,6.3,2.1,124.8,0.0,107.5,0.601,84.8,2.08,2.74,9.192,0.0,0.0,0.0,0.016,0.016,0.293,5.195,2.744,10.016,0.672,8.979,0.176,0.0,2.0,1.745,0.072,0.0,0.08,0.0,0.0,0.0,128.55,0.0,0.0,5.92,0.0,0.0,0.0,0.052,0.0,0.0,0.0,0.0,0.0,0.0,0.0,0.0,0.0,0.0,0.0,0.0,0.0,0.563,2.006,2.041,3.531,3.982,1.144,0.559,1.804,1.519,2.39,2.895,1.733,2.598,4.197,7.146,2.298,1.879,1.852,0.22,46.0,40.0,0.0,0.0,0.0,0.0,0.0,0.0,0.0,2.08,7.4,0.0,0.0,0.0,0.0,0.0,0.0,0.0,0.0,0.0,0.0,0.0,0.0,0.0,0.0,0.0,0.0,0.0,0.0,0.0,0.0,0.0,0.0,0.0,0.0,0.0,0.0,0.0,0.0,0.0,0.0,0.0
43,콩나물 불고기,195.05,3273.4,13712.2,235.45,181.3,0.75,162.08,2.34,0.218,0.0,0.0,0.0,0.0,0.0,0.0,14.8,0.662,22.3,48.9,2311.2,23736.69,0.382,0.105,0.247,5.06,0.0,244.2,0.099,0.24,1.696,0.017,0.557,70.6,0.0,1.6,1.6,0.53,0.0,0.0,0.0,0.0,0.0,0.0,116.0,0.0,0.0,0.051,0.0,0.0,19.3,66.445,0.0,0.0,0.0,0.0,0.0,0.0,0.006,0.0,80.55,0.0,0.006,0.0,0.0,16.33,0.015,0.001,0.0,0.0,0.0,0.0,0.0,720.0,0.0,0.0,0.0,0.0,0.0,0.0,0.0,0.0,0.0,0.0,0.0,0.0,0.0,0.0,0.0,0.0,0.0,0.0,0.0,0.0,0.002,0.007,0.008,0.011,0.01,0.002,0.0,0.006,0.006,0.008,0.014,0.003,0.009,0.018,0.039,0.009,0.013,0.009,0.25,54.0,47.0,0.0,0.0,0.0,0.0,0.0,0.0,0.0,0.0,4.127,0.0,0.0,0.0,0.0,0.0,0.0,0.0,0.0,0.0,0.0,0.0,0.0,0.0,0.0,0.0,0.0,0.0,0.0,0.0,0.0,0.0,0.0,0.0,0.0,0.0,0.0,0.0,0.0,0.0,0.0,0.0
44,조랭이 떡볶음,59.62,469.35,1958.35,29.312,33.043,2.79,17.248,7.0,5.476,0.114,0.321,0.644,0.0,0.0,0.0,67.5,5.195,43.35,243.0,763.6,1114.65,6.955,0.235,0.267,24.56,22.4,0.105,0.083,0.317,7.12,0.791,0.696,13.2,0.0,13.2,13.2,92.405,2.64,225.0,3.0,2250.0,313.5,523.5,4449.0,3.15,46.5,6.045,2.0,0.0,19.14,8.464,0.0,0.002,0.0,0.002,0.023,0.456,4.858,2.709,13.18,0.586,12.163,0.077,0.0,8.18,7.676,0.181,0.0,0.047,0.003,0.016,0.001,88.0,0.0,0.0,8.905,0.036,0.511,0.0,0.465,0.428,0.0,0.071,0.166,0.021,0.008,0.0,0.115,0.0,0.136,0.0,0.0,0.572,0.104,0.76,0.88,1.544,1.594,0.498,0.218,0.78,0.6,0.995,1.283,0.631,1.228,1.924,3.028,1.35,1.136,0.778,0.0,0.0,0.0,0.004,0.468,0.122,0.014,0.572,0.572,0.376,0.0,0.0,0.0,0.0,0.0,0.0,0.0,0.0,0.0,0.0,0.0,0.0,0.0,0.0,0.0,0.0,0.0,0.0,0.0,0.0,0.0,0.0,0.0,0.0,0.0,0.0,0.0,0.0,0.0,0.0,0.0,0.0,0.0
45,돼지갈비 김치찌게,406.98,2784.4,11411.0,48.395,280.25,3.01,12.14,1.8,0.06,0.0,0.0,0.0,0.0,0.0,0.0,41.25,3.025,40.7,576.7,1352.25,165.88,5.369,0.38,0.23,45.63,0.0,200.5,2.058,1.388,24.522,1.28,1.144,49.0,0.0,5.0,5.0,0.03,4.2,15.0,15.0,0.0,0.0,0.0,50.0,0.0,0.0,2.16,0.0,0.0,2.04,98.63,0.0,0.0,0.0,0.2,0.3,3.5,60.835,33.17,129.485,7.53,119.895,2.18,0.0,34.715,31.345,2.445,0.0,0.7,0.0,0.0,0.0,360.0,7.245,0.0,0.0,0.0,0.4,0.0,0.1,0.0,0.0,0.0,0.0,0.0,0.0,0.0,0.0,0.0,0.0,0.0,0.0,0.0,0.0,0.0,0.0,0.0,0.0,0.0,0.0,0.0,0.0,0.0,0.0,0.0,0.0,0.0,0.0,0.0,0.0,0.0,0.22,46.0,40.0,0.0,0.0,0.0,0.0,0.0,0.0,0.0,0.0,7.4,0.0,0.0,0.0,0.0,0.0,0.0,0.0,0.0,0.0,0.0,0.0,0.0,0.0,0.0,0.0,0.0,0.0,0.0,0.0,0.0,0.0,0.0,0.0,0.0,0.0,0.0,0.0,0.0,0.0,0.0,0.0
46,[해외자취Cook.feel通]209. 까나리 감자찌개 레시피 <까나리액젓요리 7탄>,417.62,460.2,1920.9,43.619,18.988,5.71,81.299,14.73,14.074,0.374,0.741,1.264,0.5,0.5,0.0,1111.5,19.415,156.95,450.0,2928.1,3255.1,3.785,0.989,2.39,34.76,0.0,47.005,0.382,0.297,5.485,0.337,0.744,49.2,0.0,49.2,49.2,96.375,0.0,222.0,0.0,2250.0,313.5,523.5,4695.0,3.15,46.5,5.745,0.0,0.0,24.7,2.618,0.0,0.002,0.0,0.002,0.012,0.067,1.764,0.572,3.832,0.051,3.588,0.002,0.0,9.729,8.26,1.037,0.0,0.0,0.0,0.0,0.0,0.0,0.0,0.0,0.405,0.036,0.511,0.0,0.465,0.428,0.2,0.0,0.002,0.008,0.008,0.0,0.0,0.0,0.0,0.0,0.0,0.0,0.37,1.246,1.364,2.234,1.41,0.344,0.114,1.34,1.106,1.419,2.176,0.69,1.256,3.374,5.278,1.215,1.852,1.592,0.58,146.0,144.0,0.004,0.468,0.078,0.002,0.0,0.0,0.0,0.0,0.0,0.0,0.0,0.0,0.0,0.0,0.0,0.0,0.0,27.6,26.4,1.18,1.3,15.6,0.2,0.0,0.0,0.0,0.0,0.0,0.0,0.0,0.0,0.0,0.0,0.0,0.0,0.0,0.0,0.0,0.0,0.0
47,"♪ 황사소식이 있는 날 만든, 삼겹살떡불고기",34.39,83.75,350.63,2.751,1.182,0.136,16.637,2.16,9.156,5.274,1.04,2.568,0.0,0.0,0.0,3.81,0.08,3.23,5.14,140.05,45.58,0.044,0.035,0.022,0.077,0.88,1.77,0.005,0.012,0.072,0.022,0.013,2.91,0.0,2.91,2.91,2.328,0.0,0.4,0.0,5.6,0.4,0.8,10.0,0.0,17.6,0.051,0.0,0.0,1.761,0.292,0.0,0.0,0.0,0.0,0.0,0.0,0.008,0.001,0.578,0.001,0.034,0.0,0.0,0.176,0.038,0.001,0.0,0.0,0.0,0.0,0.0,3.3,0.0,0.0,0.08,0.0,0.012,0.0,0.008,0.0,0.0,0.0,0.0,0.0,0.0,0.0,0.0,0.0,0.0,0.0,0.0,0.0,0.001,0.005,0.005,0.008,0.007,0.001,0.001,0.005,0.001,0.008,0.004,0.001,0.006,0.044,0.014,0.006,0.009,0.006,0.0,0.0,0.0,0.0,0.0,0.0,0.0,0.0,0.0,0.0,0.0,0.0,0.0,0.0,0.0,0.0,0.0,0.0,0.0,0.0,0.0,0.0,0.0,0.0,0.0,0.0,0.0,0.0,0.0,0.0,0.0,0.0,0.0,0.0,0.0,0.0,0.0,0.0,0.0,0.0,0.0,0.0,0.0
48,고추장찌개 황금레시피,758.14,1253.8,5181.4,69.31,91.2,6.82,67.41,19.3,19.57,0.0,9.52,0.0,0.0,0.0,0.0,64.95,4.692,169.6,1021.6,4395.95,1599.6,9.502,0.835,1.337,121.04,0.0,427.2,1.979,1.936,28.66,7.396,3.009,203.0,0.0,62.0,62.0,187.965,1.4,4.0,4.0,0.0,0.0,0.0,14.0,0.0,0.0,7.27,178.0,4.2,29.13,18.839,0.0,0.0,0.0,0.02,0.02,0.36,12.84,5.018,51.389,1.437,49.18,0.39,0.0,13.416,12.727,0.467,0.0,0.1,0.0,0.0,0.0,160.0,1.61,0.0,7.245,0.05,0.374,0.0,0.0,0.0,0.0,0.0,0.01,0.186,0.058,0.0,0.0,0.0,0.056,0.0,0.0,0.0,0.72,2.996,2.964,5.116,5.436,1.556,0.776,2.624,2.184,3.52,4.064,2.364,3.868,6.224,11.16,3.4,2.72,2.84,0.42,93.0,81.0,0.0,0.0,0.0,0.0,0.0,0.0,0.0,2.6,1.281,1.6,0.0,0.0,0.0,0.0,0.0,8.0,0.0,0.0,0.0,0.0,0.0,0.0,0.0,0.0,0.0,0.0,0.0,0.0,0.0,0.0,0.0,0.0,0.0,0.0,0.0,0.0,0.0,0.0,0.0,0.0
49,돼지고기 카레볶음,0.0,0.0,0.0,0.0,0.0,0.0,0.0,0.0,0.0,0.0,0.0,0.0,0.0,0.0,0.0,0.0,0.0,0.0,0.0,0.0,0.0,0.0,0.0,0.0,0.0,0.0,0.0,0.0,0.0,0.0,0.0,0.0,0.0,0.0,0.0,0.0,0.0,0.0,0.0,0.0,0.0,0.0,0.0,0.0,0.0,0.0,0.0,0.0,0.0,0.0,0.0,0.0,0.0,0.0,0.0,0.0,0.0,0.0,0.0,0.0,0.0,0.0,0.0,0.0,0.0,0.0,0.0,0.0,0.0,0.0,0.0,0.0,0.0,0.0,0.0,0.0,0.0,0.0,0.0,0.0,0.0,0.0,0.0,0.0,0.0,0.0,0.0,0.0,0.0,0.0,0.0,0.0,0.0,0.0,0.0,0.0,0.0,0.0,0.0,0.0,0.0,0.0,0.0,0.0,0.0,0.0,0.0,0.0,0.0,0.0,0.0,0.0,0.0,0.0,0.0,0.0,0.0,0.0,0.0,0.0,0.0,0.0,0.0,0.0,0.0,0.0,0.0,0.0,0.0,0.0,0.0,0.0,0.0,0.0,0.0,0.0,0.0,0.0,0.0,0.0,0.0,0.0,0.0,0.0,0.0,0.0,0.0,0.0,0.0,0.0,0.0,0.0,0.0,0.0
50,고추잡채,0.0,47.0,198.0,6.01,2.09,0.0,1.53,0.1,0.7,0.0,0.0,0.0,0.0,0.0,0.0,0.0,0.0,0.0,0.0,109.0,42.0,0.0,0.0,0.0,0.0,0.0,0.0,0.0,0.0,0.0,0.0,0.0,0.0,0.0,0.0,0.0,0.0,0.0,0.0,0.0,0.0,0.0,0.0,0.0,0.0,0.0,0.0,0.0,0.0,0.0,0.31,0.0,0.0,0.0,0.0,0.0,0.0,0.0,0.0,0.433,0.0,0.0,0.0,0.0,1.165,0.0,0.0,0.0,0.0,0.0,0.0,0.0,0.0,0.0,0.0,0.0,0.0,0.0,0.0,0.0,0.0,0.0,0.0,0.0,0.0,0.0,0.0,0.0,0.0,0.0,0.0,0.0,0.0,0.0,0.0,0.0,0.0,0.0,0.0,0.0,0.0,0.0,0.0,0.0,0.0,0.0,0.0,0.0,0.0,0.0,0.0,0.0,0.0,0.0,0.0,0.0,0.0,0.0,0.0,0.0,0.0,0.0,0.0,0.0,0.0,0.0,0.0,0.0,0.0,0.0,0.0,0.0,0.0,0.0,0.0,0.0,0.0,0.0,0.0,0.0,0.0,0.0,0.0,0.0,0.0,0.0,0.0,0.0,0.0,0.0,0.0,0.0,0.0,0.0
51,"집밥백선생 순두부찌개 만들기, 바지락순두부찌개 만들기",0.0,316.15,1320.35,32.25,13.05,0.0,23.52,7.2,1.78,0.0,0.0,0.0,0.0,0.0,0.0,0.0,0.0,0.0,0.0,1592.0,1372.0,0.0,0.0,0.0,0.0,0.0,0.0,0.0,0.0,0.0,0.0,0.0,0.0,0.0,0.0,0.0,0.0,0.0,0.0,0.0,0.0,0.0,0.0,0.0,0.0,0.0,0.0,0.0,0.0,0.0,1.857,0.0,0.0,0.0,0.0,0.0,0.0,0.0,0.0,3.754,0.0,0.0,0.0,0.0,5.673,0.0,0.0,0.0,0.0,0.0,0.0,0.0,55.5,0.0,0.0,0.0,0.0,0.0,0.0,0.0,0.0,0.0,0.0,0.0,0.0,0.0,0.0,0.0,0.0,0.0,0.0,0.0,0.0,0.0,0.0,0.0,0.0,0.0,0.0,0.0,0.0,0.0,0.0,0.0,0.0,0.0,0.0,0.0,0.0,0.0,0.0,0.0,0.0,0.0,0.0,0.0,0.0,0.0,0.0,0.0,0.0,0.0,0.0,0.0,0.0,0.0,0.0,0.0,0.0,0.0,0.0,0.0,0.0,0.0,0.0,0.0,0.0,0.0,0.0,0.0,0.0,0.0,0.0,0.0,0.0,0.0,0.0,0.0,0.0,0.0,0.0,0.0,0.0,0.0
52,얼큰하고 칼칼한 해물순두부찌개,659.1,354.953,1476.292,20.699,7.356,10.061,70.012,20.171,29.435,0.031,16.757,0.007,0.0,0.0,0.004,37.187,3.596,167.329,838.539,2328.84,1878.525,7.507,1.047,2.3,41.667,1.026,1.5,0.118,1.574,27.854,10.631,2.104,95.71,0.0,95.71,95.71,5.829,0.0,0.81,0.0,9.298,0.36,0.75,16.406,0.6,13.617,0.031,126.0,2.8,4.919,0.568,0.0,0.0,0.003,0.001,0.003,0.001,0.033,0.012,1.408,0.002,0.043,0.0,0.0,1.687,0.091,0.013,0.0,0.0,0.0,0.0,0.0,0.0,0.0,0.0,9.207,0.0,0.197,0.0,0.025,0.0,0.0,0.0,0.0,0.0,0.0,0.0,0.0,0.0,0.0,0.0,0.005,0.0,0.108,1.027,0.883,1.514,1.06,0.263,0.194,0.896,0.634,1.131,1.24,0.449,1.276,2.365,5.276,1.117,0.89,1.144,0.159,21.45,19.5,0.0,0.019,0.005,0.0,0.0,0.0,0.0,0.0,0.0,2.8,0.0,0.0,0.0,0.0,0.0,14.0,0.0,0.0,0.0,0.0,0.0,0.0,0.0,0.0,0.0,0.0,0.0,0.0,0.0,0.0,0.0,0.0,0.0,0.0,0.0,0.0,0.0,0.0,0.0,0.0
53,생청국장으로 구수한 청국장찌개 끓여요,832.48,624.0,2613.0,25.93,53.52,6.34,8.12,1.3,1.83,0.0,0.0,0.0,0.0,0.0,0.0,35.6,2.0,31.2,214.0,636.0,2377.0,4.292,0.235,0.074,26.2,185.76,0.0,0.52,0.34,6.46,0.88,0.34,8.0,0.0,8.0,8.0,0.0,3.02,0.0,0.0,0.0,0.0,0.0,0.0,0.0,0.0,0.0,88.0,2.2,0.0,18.467,0.0,0.0,0.0,0.086,0.07,0.71,11.4,6.16,24.645,1.96,22.6,0.0,0.0,5.807,5.0,0.658,0.0,0.0,0.0,0.0,0.0,142.0,0.0,0.0,0.0,0.0,0.0,0.0,0.0,0.0,0.0,0.0,0.0,0.0,0.0,0.0,0.0,0.0,0.0,0.0,0.0,0.0,0.214,0.93,0.97,1.62,1.806,0.728,0.21,0.81,0.772,0.928,1.53,0.79,1.548,2.28,3.98,1.714,1.346,1.02,0.0,0.0,0.0,0.0,0.0,0.0,0.0,0.0,0.0,0.0,0.0,0.0,0.0,0.0,0.0,0.0,0.0,0.0,0.0,0.0,0.0,0.0,0.0,0.0,0.0,0.0,0.0,0.0,0.0,0.0,0.0,0.0,0.0,0.0,0.0,0.0,0.0,0.0,0.0,0.0,0.0,0.0,0.0
54,표고버섯잡채,107.0,59.4,0.0,4.56,1.913,0.28,12.4,2.52,1.86,0.0,0.0,0.0,0.0,0.0,0.0,24.1,0.937,23.4,64.7,226.0,1121.49,0.898,0.184,0.1,4.6,0.0,99.5,0.068,0.159,0.908,0.0,0.307,27.7,0.0,5.7,5.7,21.66,0.024,1.2,0.0,15.6,0.0,0.0,0.0,0.0,0.0,0.003,0.0,0.0,8.79,0.306,0.0,0.0,0.0,0.0,0.0,0.004,0.225,0.06,0.336,0.0,0.312,0.008,0.0,0.864,0.744,0.122,0.0,0.0,0.0,0.0,0.0,0.0,0.0,0.0,0.0,0.0,0.0,0.0,0.0,0.0,0.0,0.0,0.0,0.0,0.0,0.0,0.0,0.0,0.0,0.0,0.0,0.0,0.0,0.0,0.0,0.0,0.0,0.0,0.0,0.0,0.0,0.0,0.0,0.0,0.0,0.0,0.0,0.0,0.0,0.0,0.11,23.0,20.0,0.0,0.0,0.0,0.0,0.0,0.0,0.0,0.0,3.7,0.0,0.0,0.0,0.0,0.0,0.0,0.0,0.0,0.0,0.0,0.0,0.0,0.0,0.0,0.0,0.0,0.0,0.0,0.0,0.0,0.0,0.0,0.0,0.0,0.0,0.0,0.0,0.0,0.0,0.0,0.0
56,캠핑부대찌개,447.902,2894.95,12109.5,101.035,55.242,17.641,514.412,41.0,28.86,12.795,6.645,9.29,0.0,0.0,0.19,465.35,35.348,315.5,1311.5,3999.95,1684.6,14.108,1.426,2.63,182.885,2.2,17.5,3.811,2.29,27.002,5.424,4.059,115.5,0.0,115.5,115.5,815.975,2.1,2466.0,6.0,26202.0,595.0,6190.0,49325.0,0.0,18908.0,30.66,159.0,3.9,81.1,18.017,0.0,0.0,0.0,0.03,0.098,0.72,11.242,5.492,20.358,1.329,18.486,0.353,0.0,11.56,10.689,0.593,0.0,0.15,0.0,0.0,0.0,240.0,0.0,0.0,25.55,0.35,3.54,0.25,4.03,0.09,0.0,0.0,0.0,0.047,0.047,0.0,0.0,0.0,0.0,0.0,0.0,0.0,1.146,4.315,4.492,7.709,8.268,2.374,1.304,4.068,3.302,5.325,6.429,3.556,5.591,10.837,15.976,5.169,5.972,4.179,0.0,0.0,0.0,0.0,1.6,0.453,0.0,0.0,0.0,0.0,3.9,0.0,0.0,0.0,0.0,0.0,0.0,0.0,0.0,0.0,0.0,0.0,0.0,0.0,0.0,0.0,0.0,0.0,0.0,0.0,0.0,0.0,0.0,0.0,0.0,0.0,0.0,0.0,0.0,0.0,0.0,0.0,0.0
57,"건채소로 끓인 구수한 된장찌개, 된장찌개",0.0,0.0,0.0,0.0,0.0,0.0,0.0,0.0,0.0,0.0,0.0,0.0,0.0,0.0,0.0,0.0,0.0,0.0,0.0,0.0,0.0,0.0,0.0,0.0,0.0,0.0,0.0,0.0,0.0,0.0,0.0,0.0,0.0,0.0,0.0,0.0,0.0,0.0,0.0,0.0,0.0,0.0,0.0,0.0,0.0,0.0,0.0,0.0,0.0,0.0,0.0,0.0,0.0,0.0,0.0,0.0,0.0,0.0,0.0,0.0,0.0,0.0,0.0,0.0,0.0,0.0,0.0,0.0,0.0,0.0,0.0,0.0,0.0,0.0,0.0,0.0,0.0,0.0,0.0,0.0,0.0,0.0,0.0,0.0,0.0,0.0,0.0,0.0,0.0,0.0,0.0,0.0,0.0,0.0,0.0,0.0,0.0,0.0,0.0,0.0,0.0,0.0,0.0,0.0,0.0,0.0,0.0,0.0,0.0,0.0,0.0,0.0,0.0,0.0,0.0,0.0,0.0,0.0,0.0,0.0,0.0,0.0,0.0,0.0,0.0,0.0,0.0,0.0,0.0,0.0,0.0,0.0,0.0,0.0,0.0,0.0,0.0,0.0,0.0,0.0,0.0,0.0,0.0,0.0,0.0,0.0,0.0,0.0,0.0,0.0,0.0,0.0,0.0,0.0
58,돼지고기 낙지 숙주잡채,102.07,1752.2,6964.2,330.075,33.27,2.66,35.845,7.65,3.868,0.244,0.531,0.954,0.25,0.25,0.0,81.15,4.086,66.25,173.55,5969.0,13151.0,2.167,0.469,0.415,8.71,0.0,23.405,0.133,0.246,3.728,0.133,0.548,12.75,0.0,12.75,12.75,42.465,0.036,223.8,0.0,2273.4,313.5,523.5,4440.0,3.15,46.5,5.72,0.0,0.0,29.885,4.444,0.0,0.002,0.0,0.002,0.012,0.035,0.58,0.149,5.434,0.012,0.936,0.013,0.0,10786.498,2.236,0.262,0.0,0.0,0.0,0.0,0.0,1584.0,0.0,0.0,0.405,0.036,0.511,0.0,0.465,0.428,0.1,0.0,0.002,0.008,0.008,0.0,0.0,0.0,0.0,0.0,0.0,0.0,0.01,0.04,0.058,0.094,0.054,0.02,0.027,0.056,0.028,0.081,0.074,0.027,0.068,0.254,0.238,0.09,0.188,0.034,0.29,73.0,72.0,0.004,0.468,0.078,0.002,0.0,0.0,0.0,0.0,0.0,0.0,0.0,0.0,0.0,0.0,0.0,0.0,0.0,13.8,13.2,0.59,0.65,7.8,0.1,0.0,0.0,0.0,0.0,0.0,0.0,0.0,0.0,0.0,0.0,0.0,0.0,0.0,0.0,0.0,0.0,0.0
59,돼지고기야채 잡채,0.0,0.0,0.0,0.0,0.0,0.0,0.0,0.0,0.0,0.0,0.0,0.0,0.0,0.0,0.0,0.0,0.0,0.0,0.0,0.0,0.0,0.0,0.0,0.0,0.0,0.0,0.0,0.0,0.0,0.0,0.0,0.0,0.0,0.0,0.0,0.0,0.0,0.0,0.0,0.0,0.0,0.0,0.0,0.0,0.0,0.0,0.0,0.0,0.0,0.0,0.0,0.0,0.0,0.0,0.0,0.0,0.0,0.0,0.0,0.0,0.0,0.0,0.0,0.0,0.0,0.0,0.0,0.0,0.0,0.0,0.0,0.0,0.0,0.0,0.0,0.0,0.0,0.0,0.0,0.0,0.0,0.0,0.0,0.0,0.0,0.0,0.0,0.0,0.0,0.0,0.0,0.0,0.0,0.0,0.0,0.0,0.0,0.0,0.0,0.0,0.0,0.0,0.0,0.0,0.0,0.0,0.0,0.0,0.0,0.0,0.0,0.0,0.0,0.0,0.0,0.0,0.0,0.0,0.0,0.0,0.0,0.0,0.0,0.0,0.0,0.0,0.0,0.0,0.0,0.0,0.0,0.0,0.0,0.0,0.0,0.0,0.0,0.0,0.0,0.0,0.0,0.0,0.0,0.0,0.0,0.0,0.0,0.0,0.0,0.0,0.0,0.0,0.0,0.0
60,동태찌개 만드는법~,527.163,356.45,1489.1,8.566,16.144,6.602,65.492,7.71,37.824,16.98,4.03,2.58,0.0,0.0,0.0,123.05,2.232,90.2,187.8,1158.5,1669.22,1.272,0.344,1.051,9.19,2.2,342.35,0.258,0.431,3.124,0.497,1.094,160.7,0.0,94.7,94.7,20.32,0.0,109.0,0.0,1307.0,0.0,0.0,2179.0,0.0,169.5,0.355,0.0,0.0,109.34,2.321,0.0,0.0,0.0,0.0,0.0,0.025,1.472,0.735,6.058,0.03,5.992,0.03,0.0,6.524,6.417,0.069,0.0,0.0,0.0,0.0,0.0,0.0,0.0,0.0,9.14,0.0,0.0,0.0,0.08,0.0,0.0,0.0,0.0,0.0,0.0,0.0,0.0,0.0,0.0,0.0,0.0,0.0,0.075,0.187,0.193,0.309,0.274,0.051,0.043,0.208,0.149,0.214,0.465,0.109,0.204,0.549,1.328,0.22,0.28,0.232,0.33,69.0,60.0,0.0,0.0,0.0,0.0,0.0,0.0,0.0,0.0,11.1,0.0,0.0,0.0,0.0,0.0,0.0,0.0,0.0,0.0,0.0,0.0,0.0,0.0,0.0,0.0,0.0,0.0,0.0,0.0,0.0,0.0,0.0,0.0,0.0,0.0,0.0,0.0,0.0,0.0,0.0,0.0
61,구수하니 맛난 꽃게 된장찌개,276.67,843.85,3534.75,80.033,53.076,11.395,10.028,3.06,0.4,0.045,0.355,0.0,0.0,0.0,0.0,66.15,4.152,124.9,843.9,1696.85,2640.9,7.495,0.323,0.558,124.735,0.0,1.62,2.608,1.141,21.628,3.368,1.419,67.8,0.0,67.8,67.8,309.465,1.89,5.4,5.4,0.0,0.0,0.0,18.9,0.0,0.0,0.793,148.1,3.61,0.0,16.081,0.0,0.0,0.0,0.027,0.027,0.486,8.72,4.62,20.913,1.134,15.156,0.297,0.0,11.762,3.076,0.162,0.0,0.135,0.0,0.0,0.0,216.0,0.0,0.0,24.53,0.0,0.0,0.0,0.0,0.0,0.5,0.0,0.0,0.0,0.0,0.0,0.0,0.0,0.0,0.0,0.0,0.0,0.996,3.553,3.635,6.258,6.916,1.996,1.002,3.252,2.777,4.348,4.962,3.037,4.642,7.291,12.485,4.051,3.414,3.316,0.0,0.0,0.0,0.0,0.0,0.0,0.0,0.0,0.0,0.0,3.51,0.0,0.1,0.0,0.0,0.0,0.0,0.0,1.0,0.0,0.0,0.0,0.0,0.0,0.0,0.0,0.0,0.0,0.0,0.0,0.0,0.0,0.0,0.0,0.0,0.0,0.0,0.0,0.0,0.0,0.0,0.0,0.0
62,된장찌개 맛있게끓이는법~,81.603,342.55,1460.3,4.716,31.87,2.377,12.485,0.06,0.048,0.0,0.0,0.0,0.0,0.0,0.0,80.36,1.305,26.015,60.0,227.22,693.395,0.562,0.2,0.406,10.602,0.03,0.0,0.02,0.02,0.1,0.088,0.115,26.0,0.0,26.0,26.0,0.0,0.0,0.0,0.0,0.0,0.0,0.0,0.0,0.0,0.0,0.0,0.0,0.0,0.0,4.019,0.0,0.0,0.0,0.0,0.0,0.004,0.142,0.048,8.638,0.004,0.292,0.0,0.0,17.374,0.666,0.089,0.0,0.0,0.0,0.0,0.0,8.25,0.0,0.0,0.0,0.0,0.0,0.0,0.0,0.0,0.0,0.0,0.0,0.0,0.0,0.0,0.0,0.0,0.0,0.0,0.0,0.0,0.05,0.131,0.159,0.244,0.212,0.041,0.044,0.157,0.108,0.162,0.214,0.093,0.132,0.355,0.556,0.126,0.173,0.151,0.0,0.0,0.0,0.0,0.0,0.0,0.0,0.0,0.0,0.0,0.0,0.0,0.0,0.0,0.0,0.0,0.0,0.0,0.0,0.0,0.0,0.0,0.0,0.0,0.0,0.0,0.0,0.0,0.0,0.0,0.0,0.0,0.0,0.0,0.0,0.0,0.0,0.0,0.0,0.0,0.0,0.0,0.0
63,부추불고기,185.35,269.475,1084.3,23.97,5.566,0.63,16.627,2.988,5.151,0.99,1.97,1.29,0.0,0.0,0.0,32.85,0.524,21.4,53.95,329.55,234.79,0.428,0.118,0.229,3.35,1.1,106.9,0.09,0.128,0.797,0.123,0.377,41.95,0.0,19.95,19.95,9.71,0.004,0.2,0.0,3.6,0.0,0.0,2.0,0.0,4.0,0.02,0.0,0.0,1.865,0.103,0.0,0.0,0.0,0.0,0.0,0.005,0.072,0.014,0.081,0.0,0.065,0.001,0.0,0.187,0.137,0.024,0.0,0.0,0.0,0.0,0.0,0.0,0.0,0.0,0.1,0.0,0.0,0.0,0.04,0.0,0.0,0.0,0.0,0.0,0.0,0.0,0.0,0.0,0.0,0.0,0.0,0.0,0.014,0.021,0.014,0.025,0.039,0.002,0.004,0.025,0.014,0.021,0.104,0.014,0.021,0.091,0.258,0.025,0.012,0.021,0.11,23.0,20.0,0.0,0.0,0.0,0.0,0.0,0.0,0.0,0.0,3.7,0.0,0.0,0.0,0.0,0.0,0.0,0.0,0.0,0.0,0.0,0.0,0.0,0.0,0.0,0.0,0.0,0.0,0.0,0.0,0.0,0.0,0.0,0.0,0.0,0.0,0.0,0.0,0.0,0.0,0.0,0.0
64,팽이버섯 돼지고기볶음,48.443,204.55,856.05,6.078,0.664,7.494,55.668,2.3,36.482,15.016,0.147,0.012,0.0,0.0,0.008,37.15,1.146,41.85,82.6,294.35,2555.95,0.452,0.087,1.1,3.01,1.71,2.5,0.02,0.086,1.047,0.204,0.081,7.15,0.0,7.15,7.15,8.8,0.0,1.35,0.0,15.5,0.6,1.25,27.35,1.0,22.7,0.052,0.0,0.0,8.2,0.132,0.0,0.001,0.005,0.002,0.005,0.002,0.053,0.02,0.107,0.004,0.068,0.0,0.0,0.198,0.14,0.021,0.0,0.0,0.0,0.0,0.0,0.0,0.0,0.0,13.855,0.0,0.328,0.0,0.042,0.0,0.0,0.0,0.0,0.0,0.0,0.0,0.001,0.0,0.0,0.0,0.008,0.0,0.046,0.134,0.161,0.292,0.184,0.048,0.06,0.181,0.134,0.177,0.224,0.086,0.163,0.394,0.782,0.156,0.292,0.195,0.265,35.75,32.5,0.0,0.032,0.008,0.0,0.0,0.0,0.0,0.0,0.0,0.0,0.0,0.0,0.0,0.0,0.0,0.0,0.0,0.0,0.0,0.0,0.0,0.0,0.0,0.0,0.0,0.0,0.0,0.0,0.0,0.0,0.0,0.0,0.0,0.0,0.0,0.0,0.0,0.0,0.0,0.0
65,[찌개] 닭안심살 비지찌개,42.72,132.75,555.45,5.541,0.868,9.12,27.93,1.185,17.643,0.06,0.18,0.0,0.0,0.0,0.0,19.8,0.87,44.4,99.6,321.3,3628.8,0.522,0.026,0.612,0.3,0.0,0.0,0.02,0.099,1.32,0.178,0.089,8.4,0.0,8.4,8.4,10.98,0.0,0.0,0.0,0.0,0.0,0.0,0.0,0.0,0.0,0.0,0.0,0.0,0.0,0.102,0.0,0.0,0.0,0.0,0.0,0.0,0.035,0.004,0.123,0.0,0.048,0.0,0.0,0.312,0.14,0.017,0.0,0.0,0.0,0.0,0.0,0.0,0.0,0.0,17.88,0.0,0.0,0.0,0.0,0.0,0.0,0.0,0.0,0.0,0.0,0.0,0.0,0.0,0.0,0.0,0.0,0.0,0.058,0.163,0.191,0.322,0.229,0.058,0.071,0.212,0.146,0.199,0.278,0.104,0.176,0.431,0.948,0.178,0.296,0.233,0.0,0.0,0.0,0.0,0.0,0.0,0.0,0.0,0.0,0.0,0.0,0.0,0.0,0.0,0.0,0.0,0.0,0.0,0.0,0.0,0.0,0.0,0.0,0.0,0.0,0.0,0.0,0.0,0.0,0.0,0.0,0.0,0.0,0.0,0.0,0.0,0.0,0.0,0.0,0.0,0.0,0.0,0.0
66,차돌된장찌개,0.0,0.0,0.0,0.0,0.0,0.0,0.0,0.0,0.0,0.0,0.0,0.0,0.0,0.0,0.0,0.0,0.0,0.0,0.0,0.0,0.0,0.0,0.0,0.0,0.0,0.0,0.0,0.0,0.0,0.0,0.0,0.0,0.0,0.0,0.0,0.0,0.0,0.0,0.0,0.0,0.0,0.0,0.0,0.0,0.0,0.0,0.0,0.0,0.0,0.0,0.0,0.0,0.0,0.0,0.0,0.0,0.0,0.0,0.0,0.0,0.0,0.0,0.0,0.0,0.0,0.0,0.0,0.0,0.0,0.0,0.0,0.0,0.0,0.0,0.0,0.0,0.0,0.0,0.0,0.0,0.0,0.0,0.0,0.0,0.0,0.0,0.0,0.0,0.0,0.0,0.0,0.0,0.0,0.0,0.0,0.0,0.0,0.0,0.0,0.0,0.0,0.0,0.0,0.0,0.0,0.0,0.0,0.0,0.0,0.0,0.0,0.0,0.0,0.0,0.0,0.0,0.0,0.0,0.0,0.0,0.0,0.0,0.0,0.0,0.0,0.0,0.0,0.0,0.0,0.0,0.0,0.0,0.0,0.0,0.0,0.0,0.0,0.0,0.0,0.0,0.0,0.0,0.0,0.0,0.0,0.0,0.0,0.0,0.0,0.0,0.0,0.0,0.0,0.0
67,유자 돼지불고기,69.66,375.35,1484.15,33.621,20.416,1.35,8.63,0.12,1.814,0.0,0.0,0.0,0.0,0.0,0.0,19.75,0.885,28.9,246.9,437.85,2954.9,2.393,0.074,0.009,45.51,0.0,0.6,0.877,0.321,5.04,0.698,0.464,5.0,0.0,5.0,5.0,93.9,0.7,2.0,2.0,0.0,0.0,0.0,7.0,0.0,0.0,0.29,53.0,1.3,0.0,6.164,0.0,0.0,0.0,0.01,0.01,0.18,3.21,1.71,7.702,0.42,5.6,0.11,0.0,4.952,1.07,0.04,0.0,0.05,0.0,0.0,0.0,80.0,2.415,0.0,3.6,0.0,0.0,0.0,0.0,0.0,0.0,0.0,0.0,0.0,0.0,0.0,0.0,0.0,0.0,0.0,0.0,0.0,0.338,1.23,1.26,2.18,2.45,0.712,0.344,1.09,0.936,1.47,1.72,1.07,1.6,2.51,4.22,1.41,1.16,1.13,0.0,0.0,0.0,0.0,0.0,0.0,0.0,0.0,0.0,0.0,1.3,0.0,0.0,0.0,0.0,0.0,0.0,0.0,0.0,0.0,0.0,0.0,0.0,0.0,0.0,0.0,0.0,0.0,0.0,0.0,0.0,0.0,0.0,0.0,0.0,0.0,0.0,0.0,0.0,0.0,0.0,0.0,0.0
68,사과소스 돼지불고기,19.35,89.1,0.0,5.76,2.704,0.0,11.43,2.43,2.79,0.0,0.0,0.0,0.0,0.0,0.0,25.65,1.12,21.6,71.55,94.5,1678.5,1.152,0.189,0.0,3.15,0.0,0.0,0.044,0.105,0.408,0.0,0.09,8.55,0.0,8.55,8.55,32.49,0.036,1.8,0.0,23.4,0.0,0.0,0.0,0.0,0.0,0.005,0.0,0.0,13.185,0.459,0.0,0.0,0.0,0.0,0.0,0.007,0.338,0.09,0.504,0.0,0.468,0.011,0.0,1.296,1.116,0.182,0.0,0.0,0.0,0.0,0.0,0.0,0.0,0.0,0.0,0.0,0.0,0.0,0.0,0.0,0.0,0.0,0.0,0.0,0.0,0.0,0.0,0.0,0.0,0.0,0.0,0.0,0.0,0.0,0.0,0.0,0.0,0.0,0.0,0.0,0.0,0.0,0.0,0.0,0.0,0.0,0.0,0.0,0.0,0.0,0.0,0.0,0.0,0.0,0.0,0.0,0.0,0.0,0.0,0.0,0.0,0.0,0.0,0.0,0.0,0.0,0.0,0.0,0.0,0.0,0.0,0.0,0.0,0.0,0.0,0.0,0.0,0.0,0.0,0.0,0.0,0.0,0.0,0.0,0.0,0.0,0.0,0.0,0.0,0.0,0.0,0.0,0.0
69,파김치찌개,281.9,715.6,3016.9,48.76,51.13,2.775,27.08,2.34,0.218,0.0,0.0,0.0,0.0,0.0,0.0,43.3,1.967,64.3,417.9,1031.7,2319.69,3.967,0.214,0.26,73.01,0.0,245.1,1.414,0.722,9.256,1.064,1.253,78.1,0.0,9.1,9.1,141.38,1.05,3.0,3.0,0.0,0.0,0.0,126.5,0.0,0.0,0.486,79.5,1.95,19.3,11.652,0.0,0.0,0.0,0.015,0.015,0.27,4.821,2.566,17.61,0.63,8.406,0.165,0.0,18.376,1.62,0.061,0.0,0.075,0.0,0.0,0.0,120.0,0.0,0.0,5.4,0.0,0.0,0.0,0.0,0.0,0.0,0.0,0.0,0.0,0.0,0.0,0.0,0.0,0.0,0.0,0.0,0.0,0.509,1.852,1.898,3.281,3.685,1.07,0.516,1.641,1.41,2.213,2.594,1.608,2.409,3.783,6.369,2.124,1.753,1.704,0.25,54.0,47.0,0.0,0.0,0.0,0.0,0.0,0.0,0.0,1.95,4.127,0.0,0.0,0.0,0.0,0.0,0.0,0.0,0.0,0.0,0.0,0.0,0.0,0.0,0.0,0.0,0.0,0.0,0.0,0.0,0.0,0.0,0.0,0.0,0.0,0.0,0.0,0.0,0.0,0.0,0.0,0.0
70,돼지고기 호박 오가리볶음,37.68,26.25,109.8,1.428,0.256,4.497,4.894,0.27,1.686,0.015,0.045,0.0,0.0,0.0,0.0,7.35,0.362,12.6,28.2,115.05,1875.3,0.164,0.015,0.168,0.075,0.0,22.44,0.016,0.049,0.406,0.078,0.069,3.9,0.0,3.9,3.9,2.745,0.0,2.4,0.0,27.3,1.8,2.1,48.6,0.0,36.3,0.036,0.0,0.0,0.72,0.035,0.0,0.0,0.0,0.0,0.0,0.0,0.022,0.003,0.045,0.0,0.021,0.0,0.0,0.119,0.094,0.005,0.0,0.0,0.0,0.0,0.0,0.0,0.0,0.0,4.47,0.0,0.0,0.0,0.0,0.0,0.0,0.0,0.0,0.0,0.0,0.0,0.0,0.0,0.0,0.0,0.0,0.0,0.016,0.046,0.053,0.089,0.064,0.016,0.021,0.058,0.04,0.056,0.077,0.029,0.05,0.13,0.257,0.05,0.081,0.064,0.0,0.0,0.0,0.0,0.0,0.0,0.0,0.0,0.0,0.0,0.0,0.0,0.0,0.0,0.0,0.0,0.0,0.0,0.0,0.0,0.0,0.0,0.0,0.0,0.0,0.0,0.0,0.0,0.0,0.0,0.0,0.0,0.0,0.0,0.0,0.0,0.0,0.0,0.0,0.0,0.0,0.0,0.0
71,소라된장찌개 & 삼겹제육볶음,0.0,0.0,0.0,0.0,0.0,0.0,0.0,0.0,0.0,0.0,0.0,0.0,0.0,0.0,0.0,0.0,0.0,0.0,0.0,0.0,0.0,0.0,0.0,0.0,0.0,0.0,0.0,0.0,0.0,0.0,0.0,0.0,0.0,0.0,0.0,0.0,0.0,0.0,0.0,0.0,0.0,0.0,0.0,0.0,0.0,0.0,0.0,0.0,0.0,0.0,0.0,0.0,0.0,0.0,0.0,0.0,0.0,0.0,0.0,0.0,0.0,0.0,0.0,0.0,0.0,0.0,0.0,0.0,0.0,0.0,0.0,0.0,0.0,0.0,0.0,0.0,0.0,0.0,0.0,0.0,0.0,0.0,0.0,0.0,0.0,0.0,0.0,0.0,0.0,0.0,0.0,0.0,0.0,0.0,0.0,0.0,0.0,0.0,0.0,0.0,0.0,0.0,0.0,0.0,0.0,0.0,0.0,0.0,0.0,0.0,0.0,0.0,0.0,0.0,0.0,0.0,0.0,0.0,0.0,0.0,0.0,0.0,0.0,0.0,0.0,0.0,0.0,0.0,0.0,0.0,0.0,0.0,0.0,0.0,0.0,0.0,0.0,0.0,0.0,0.0,0.0,0.0,0.0,0.0,0.0,0.0,0.0,0.0,0.0,0.0,0.0,0.0,0.0,0.0
72,보글보글 언제 먹어도 맛난 묵은지 돼지고기 찌게,88.7,6.0,25.0,1.455,0.215,0.53,9.115,0.0,0.0,0.065,0.105,0.155,0.125,0.125,0.0,17.5,0.555,15.15,38.0,266.5,6.5,0.255,0.113,0.182,1.45,0.0,13.25,0.028,0.012,1.023,0.018,0.091,21.5,0.0,21.5,21.5,0.0,0.0,6.5,0.0,66.5,24.5,0.0,131.5,0.0,0.0,0.0,0.0,0.0,0.4,0.0,0.0,0.0,0.0,0.0,0.0,0.0,0.0,0.0,0.0,0.0,0.0,0.0,0.0,0.0,0.0,0.0,0.0,0.0,0.0,0.0,0.0,0.0,0.0,0.0,0.0,0.0,0.0,0.0,0.0,0.0,0.05,0.0,0.0,0.0,0.0,0.0,0.0,0.0,0.0,0.0,0.0,0.0,0.0,0.0,0.0,0.0,0.0,0.0,0.0,0.0,0.0,0.0,0.0,0.0,0.0,0.0,0.0,0.0,0.0,0.0,0.145,36.5,36.0,0.0,0.0,0.0,0.0,0.0,0.0,0.0,0.0,0.0,0.0,0.0,0.0,0.0,0.0,0.0,0.0,0.0,6.9,6.6,0.295,0.325,3.9,0.05,0.0,0.0,0.0,0.0,0.0,0.0,0.0,0.0,0.0,0.0,0.0,0.0,0.0,0.0,0.0,0.0,0.0
73,감귤 소고기볶음,1077.05,864.15,3612.15,50.362,69.016,5.965,43.347,7.725,4.982,0.244,0.531,0.954,0.25,0.25,0.0,120.05,4.902,111.85,505.0,1759.75,4340.18,4.932,0.621,0.629,78.51,185.76,223.305,1.482,0.8,12.152,1.18,1.648,55.7,0.0,11.7,11.7,150.96,1.05,225.0,3.0,2250.0,313.5,523.5,4450.5,3.15,46.5,12.63,79.5,1.95,43.79,14.482,0.0,0.002,0.0,0.017,0.027,0.298,10.143,3.502,42.687,1.209,40.953,0.307,0.0,7.88,7.118,0.482,0.0,0.075,0.0,0.0,0.0,120.0,0.0,0.0,5.85,0.085,0.885,0.0,0.465,0.428,0.1,0.0,0.012,0.195,0.066,0.0,0.0,0.0,0.056,0.0,0.0,0.0,0.518,1.886,1.949,3.365,3.729,1.088,0.543,1.691,1.432,2.286,2.654,1.632,2.468,4.018,6.568,2.205,1.927,1.729,0.51,119.0,112.0,0.004,0.468,0.078,0.002,0.0,0.0,0.0,1.95,7.4,0.0,0.0,0.0,0.0,0.0,0.0,0.0,0.0,13.8,13.2,0.59,0.65,7.8,0.1,0.0,0.0,0.0,0.0,0.0,0.0,0.0,0.0,0.0,0.0,0.0,0.0,0.0,0.0,0.0,0.0,0.0
74,오징어 돼지고기 볶음,667.7,653.7,2726.5,76.561,31.239,5.64,27.33,11.72,6.056,0.0,5.0,0.36,0.0,0.0,0.0,145.0,5.63,186.0,943.0,1882.2,2611.09,9.73,0.959,1.142,106.3,0.0,125.3,2.051,1.543,19.919,6.085,1.863,166.0,0.0,144.0,144.0,231.0,1.4,28.0,4.0,261.0,18.0,18.0,479.0,0.0,0.0,0.64,142.0,3.4,91.5,10.719,0.0,0.0,0.0,0.02,0.02,0.366,6.597,3.444,12.594,0.84,11.368,0.22,0.0,3.744,2.842,0.605,0.0,0.1,0.0,0.0,0.0,176.5,0.0,0.0,8.4,0.0,0.0,0.0,0.0,0.0,0.0,0.0,0.0,0.0,0.0,0.0,0.0,0.0,0.0,0.0,0.0,0.0,0.698,3.13,3.171,5.539,5.81,1.49,0.732,2.402,2.028,3.665,3.752,2.252,3.534,5.622,9.8,3.11,2.52,2.55,0.11,23.0,20.0,0.0,0.0,0.0,0.0,0.0,0.0,0.0,2.6,3.7,0.8,0.0,0.0,0.0,0.0,0.0,4.0,0.0,0.0,0.0,0.0,0.0,0.0,0.0,0.0,0.0,0.0,0.0,0.0,0.0,0.0,0.0,0.0,0.0,0.0,0.0,0.0,0.0,0.0,0.0,0.0
75,야채 된장찌개 만들기 채식 다시마육수 된장찌개 채수로 만든 두부된장찌개,632.176,826.875,3102.9,92.682,21.999,7.137,74.754,6.95,29.762,5.98,1.97,1.29,0.0,0.0,0.0,648.3,14.72,214.2,822.3,2217.25,1800.23,8.238,1.148,0.65,155.49,1.1,216.0,0.388,1.327,57.78,2.754,1.267,109.5,0.0,65.5,65.5,29.35,2.504,61.2,60.0,16.6,0.0,0.0,550.0,0.0,4.0,2.456,0.0,0.0,67.49,5.546,0.0,0.0,0.0,0.0,0.056,1.217,3.137,1.074,5.163,1.6,2.838,0.008,0.46,7.694,1.189,0.128,0.22,0.028,2.152,0.116,3.644,240.0,2.415,0.0,0.1,0.0,0.0,0.0,0.04,0.0,0.0,0.0,0.0,0.0,0.0,0.0,0.0,0.0,0.0,0.0,0.0,0.0,0.932,3.611,3.79,6.659,7.548,2.416,0.876,3.219,2.778,4.246,5.025,2.42,4.967,8.464,12.536,3.961,2.93,3.367,0.379,67.45,59.5,0.0,0.0,0.0,0.0,0.0,0.0,0.0,0.0,7.4,0.0,0.0,0.0,0.0,0.0,0.0,0.0,0.0,0.0,0.0,0.0,0.0,0.0,0.0,0.0,0.0,0.0,0.0,0.0,0.0,0.0,0.0,0.0,0.0,0.0,0.0,0.0,0.0,0.0,0.0,0.0
76,캠핑요리로도 좋은 백선생 고추장찌개 만들기 해볼까요?,855.613,1507.725,6279.4,145.354,78.884,8.082,61.704,17.042,27.622,1.04,3.206,2.916,0.0,0.0,0.004,1236.075,29.223,260.275,1293.95,4609.85,4571.4,30.0,1.358,2.865,114.723,91.555,42.0,0.673,1.237,23.662,4.324,2.027,196.425,0.0,196.425,196.425,460.683,10.56,38.675,12.0,302.75,12.3,12.625,816.675,0.5,2135.35,0.716,8.0,0.0,81.8,26.14,0.0,0.0,0.003,0.017,0.049,1.761,14.854,8.267,30.427,2.219,26.468,0.18,0.0,11.342,9.112,1.6,0.0,0.188,0.012,0.064,0.004,352.0,0.0,0.0,35.122,0.0,0.164,0.0,0.061,0.0,0.0,0.285,0.658,0.053,0.003,0.003,0.462,0.0,0.544,0.0,0.004,2.288,0.761,4.41,4.946,8.594,8.056,2.258,0.87,4.263,3.423,5.373,7.106,3.123,5.927,10.073,16.622,6.247,5.541,4.613,0.0,0.0,0.0,0.0,0.023,0.241,0.048,2.288,2.288,1.504,0.0,0.0,0.0,0.002,0.03,0.0,0.0,0.0,0.0,0.0,0.0,0.0,0.0,0.0,0.0,0.0,0.0,0.0,0.0,0.0,0.0,0.0,0.0,0.0,0.0,0.0,0.0,0.0,0.0,0.0,0.0,0.0,0.0
77,백종원 콩나물 찌개 끓이는 법,292.1,561.0,2339.0,59.13,28.53,4.48,16.62,4.2,5.52,0.0,0.22,0.0,0.0,0.0,0.0,52.0,3.92,95.0,640.0,1527.0,136.0,5.69,0.382,0.28,93.3,0.0,145.2,2.051,0.928,18.35,2.947,1.534,81.0,0.0,81.0,81.0,246.4,1.4,52.0,4.0,534.0,36.0,40.0,966.0,0.0,709.0,1.28,111.0,2.7,14.0,10.529,0.0,0.0,0.0,0.02,0.02,0.362,6.48,3.427,12.404,0.84,11.224,0.22,0.0,2.763,2.45,0.132,0.0,0.1,0.0,0.0,0.0,160.0,0.0,0.0,8.6,0.0,0.0,0.0,0.0,0.0,0.5,0.0,0.0,0.0,0.0,0.0,0.0,0.0,0.0,0.0,0.0,0.0,0.742,2.644,2.675,4.595,5.119,1.478,0.746,2.392,2.054,3.254,3.646,2.251,3.472,5.496,9.084,3.004,2.467,2.43,0.0,0.0,0.0,0.0,0.0,0.0,0.0,0.0,0.0,0.0,2.6,0.0,0.1,0.0,0.0,0.0,0.0,0.0,1.0,0.0,0.0,0.0,0.0,0.0,0.0,0.0,0.0,0.0,0.0,0.0,0.0,0.0,0.0,0.0,0.0,0.0,0.0,0.0,0.0,0.0,0.0,0.0,0.0
78,멸치쌈밥....멸치찌개 & 상추쌈..(sole food),126.19,4243.7,17753.025,545.893,59.422,2.215,350.334,9.69,90.562,0.008,0.022,0.0,0.0,0.0,0.0,17.975,0.894,30.55,162.45,5399.8,6538.525,1.46,0.08,0.214,25.188,0.0,142.3,0.496,0.315,3.705,0.371,0.546,50.55,0.0,3.55,3.55,48.323,0.35,1.0,1.0,0.0,0.0,0.0,3.5,0.0,0.0,0.145,26.5,0.65,0.0,12.188,0.0,0.0,0.0,0.005,0.005,0.09,1.609,0.856,13.17,0.21,2.806,0.055,0.0,19.615,0.553,0.022,0.0,0.025,0.0,0.0,0.0,3829.0,0.0,0.0,4.035,0.0,0.0,0.0,0.0,0.0,0.0,0.0,0.0,0.0,0.0,0.0,0.0,0.0,0.0,0.0,0.0,0.0,0.176,0.635,0.654,1.13,1.254,0.363,0.181,0.571,0.486,0.76,0.895,0.548,0.822,1.309,2.228,0.727,0.617,0.594,0.14,31.0,27.0,0.0,0.0,0.0,0.0,0.0,0.0,0.0,0.65,0.427,0.0,0.0,0.0,0.0,0.0,0.0,0.0,0.0,0.0,0.0,0.0,0.0,0.0,0.0,0.0,0.0,0.0,0.0,0.0,0.0,0.0,0.0,0.0,0.0,0.0,0.0,0.0,0.0,0.0,0.0,0.0
79,햇 고추장~뽀글뽀글 고추장찌개,304.78,392.176,1513.037,31.926,15.954,4.916,41.513,6.929,21.014,8.997,0.081,0.117,0.0,0.051,0.0,1071.795,17.143,120.135,373.68,791.628,2619.36,3.303,0.712,2.102,29.471,0.0,13.575,0.344,0.258,1.712,0.289,0.251,69.945,0.0,69.945,69.945,109.791,0.012,12.0,0.0,142.5,6.3,0.0,484.5,0.0,744.0,0.082,0.0,0.0,19.04,2.338,0.0,0.0,0.0,0.0,0.002,0.042,1.667,0.547,3.477,0.04,3.304,0.004,0.0,8.818,7.598,1.034,0.0,0.0,0.0,0.0,0.0,0.0,0.0,0.0,4.53,0.0,0.285,0.006,0.0,0.0,0.0,0.0,0.0,0.0,0.0,0.0,0.0,0.0,0.0,0.0,0.0,0.0,0.386,1.309,1.413,2.32,1.511,0.364,0.115,1.399,1.149,1.462,2.303,0.723,1.305,3.386,5.507,1.227,1.793,1.672,0.111,15.019,13.654,0.0,0.0,0.0,0.0,0.0,0.0,0.0,0.0,0.0,0.0,0.0,0.0,0.0,0.0,0.0,0.0,0.0,0.0,0.0,0.0,0.0,0.0,0.0,0.0,0.0,0.0,0.0,0.0,0.0,0.0,0.0,0.0,0.0,0.0,0.0,0.0,0.0,0.0,0.0,0.0
80,부대찌개..비오는날엔 얼큰한 부대찌개!!(생생정보통),233.05,907.2,3788.0,70.91,65.04,4.285,7.81,2.7,0.22,0.0,0.22,0.0,0.0,0.0,0.0,47.5,3.325,86.0,720.0,1416.5,158.0,6.625,0.29,0.098,115.45,0.0,1.5,2.418,1.002,19.63,3.095,1.26,60.5,0.0,60.5,60.5,282.51,1.75,5.0,5.0,0.0,0.0,0.0,17.5,0.0,0.0,1.155,137.5,3.35,4.08,17.362,0.0,0.0,0.0,0.025,0.025,0.45,10.722,5.715,27.385,1.11,25.79,0.335,0.0,15.634,15.147,0.231,0.0,0.125,0.0,0.0,0.0,200.0,0.0,0.0,10.4,0.0,0.0,0.0,0.0,0.0,0.5,0.0,0.0,0.0,0.0,0.0,0.0,0.0,0.0,0.0,0.0,0.0,0.885,3.185,3.24,5.58,6.255,1.81,0.88,2.875,2.48,3.905,4.41,2.745,4.19,6.465,10.93,3.635,2.96,2.915,0.0,0.0,0.0,0.0,0.0,0.0,0.0,0.0,0.0,0.0,3.25,0.0,0.1,0.0,0.0,0.0,0.0,0.0,1.0,0.0,0.0,0.0,0.0,0.0,0.0,0.0,0.0,0.0,0.0,0.0,0.0,0.0,0.0,0.0,0.0,0.0,0.0,0.0,0.0,0.0,0.0,0.0,0.0
81,꽃빵과 어우린 영양잡채 만들기,165.326,1330.6,5570.2,6.384,30.592,10.148,257.548,3.43,34.42,30.99,2.15,1.29,0.0,0.0,0.0,105.6,6.52,61.9,208.6,432.6,3323.3,1.72,0.269,0.992,20.73,1.1,7.4,0.441,0.132,1.936,0.551,0.334,32.4,0.0,32.4,32.4,250.14,0.0,0.0,0.0,1.0,0.0,0.0,2.0,0.0,4.0,0.765,0.0,0.0,4.48,4.388,0.0,0.0,0.0,0.0,0.0,0.004,2.769,1.456,11.996,0.06,11.871,0.06,0.0,12.73,12.586,0.114,0.0,0.0,0.0,0.0,0.0,0.0,0.0,0.0,17.98,0.0,0.0,0.0,0.04,0.0,0.0,0.0,0.0,0.0,0.0,0.0,0.0,0.0,0.0,0.0,0.0,0.0,0.077,0.196,0.222,0.38,0.295,0.065,0.077,0.262,0.173,0.24,0.409,0.131,0.215,0.57,1.278,0.221,0.325,0.274,0.0,0.0,0.0,0.0,0.0,0.0,0.0,0.0,0.0,0.0,0.0,0.0,0.0,0.0,0.0,0.0,0.0,0.0,0.0,0.0,0.0,0.0,0.0,0.0,0.0,0.0,0.0,0.0,0.0,0.0,0.0,0.0,0.0,0.0,0.0,0.0,0.0,0.0,0.0,0.0,0.0,0.0,0.0
82,완두콩 마파두부,115.46,241.5,969.075,7.782,0.281,4.84,60.274,1.14,27.12,0.03,0.09,0.0,0.0,0.0,0.0,16.9,0.625,31.2,66.8,293.5,1821.99,0.391,0.071,0.406,2.65,0.0,99.5,0.049,0.138,1.296,0.089,0.291,26.2,0.0,4.2,4.2,5.49,0.0,0.0,0.0,0.0,0.0,0.0,0.0,0.0,0.0,0.0,0.0,0.0,0.0,0.022,0.0,0.0,0.0,0.0,0.0,0.0,0.017,0.002,0.026,0.0,0.024,0.0,0.0,0.079,0.07,0.009,0.0,0.0,0.0,0.0,0.0,0.0,0.0,0.0,8.94,0.0,0.0,0.0,0.0,0.0,0.0,0.0,0.0,0.0,0.0,0.0,0.0,0.0,0.0,0.0,0.0,0.0,0.029,0.081,0.095,0.161,0.114,0.029,0.035,0.106,0.073,0.1,0.139,0.052,0.088,0.216,0.474,0.089,0.148,0.116,0.11,23.0,20.0,0.0,0.0,0.0,0.0,0.0,0.0,0.0,0.0,3.7,0.0,0.0,0.0,0.0,0.0,0.0,0.0,0.0,0.0,0.0,0.0,0.0,0.0,0.0,0.0,0.0,0.0,0.0,0.0,0.0,0.0,0.0,0.0,0.0,0.0,0.0,0.0,0.0,0.0,0.0,0.0
83,돼지고기 김치찌개,19.155,123.3,391.65,8.163,5.248,3.796,24.0,11.655,3.387,0.228,0.642,1.287,0.0,0.0,0.0,107.55,5.564,51.9,113.85,616.5,2542.5,1.674,0.363,0.51,8.64,0.0,1.71,0.09,0.317,3.616,0.266,0.657,11.25,0.0,11.25,11.25,30.78,0.012,444.6,0.0,4507.8,627.0,1047.0,8880.0,6.3,93.0,11.432,0.0,0.0,36.195,0.891,0.0,0.004,0.0,0.004,0.024,0.059,0.598,0.149,1.131,0.025,1.092,0.008,0.0,2.835,2.613,0.221,0.0,0.0,0.0,0.0,0.0,0.0,0.0,0.0,0.81,0.072,1.023,0.0,0.93,0.855,0.0,0.0,0.004,0.016,0.016,0.0,0.0,0.0,0.0,0.0,0.0,0.0,0.021,0.081,0.117,0.189,0.108,0.039,0.054,0.111,0.057,0.162,0.147,0.054,0.135,0.507,0.477,0.18,0.375,0.069,0.159,21.45,19.5,0.008,0.936,0.156,0.004,0.0,0.0,0.0,0.0,0.0,0.0,0.0,0.0,0.0,0.0,0.0,0.0,0.0,0.0,0.0,0.0,0.0,0.0,0.0,0.0,0.0,0.0,0.0,0.0,0.0,0.0,0.0,0.0,0.0,0.0,0.0,0.0,0.0,0.0,0.0,0.0
84,잡채,256.955,233.625,953.375,24.571,14.359,2.246,7.645,1.035,1.86,0.0,0.0,0.0,0.0,0.0,0.0,1050.0,16.08,90.0,291.0,363.0,456.0,2.4,0.579,1.815,27.19,0.0,0.8,0.243,0.156,0.585,0.204,0.141,45.0,0.0,45.0,45.0,86.4,0.0,0.0,0.0,0.0,0.0,0.0,255.0,0.0,0.0,0.03,0.0,0.0,7.2,2.073,0.0,0.0,0.0,0.0,0.0,0.039,1.521,0.513,3.18,0.039,3.12,0.0,0.0,8.1,7.14,0.957,0.0,0.0,0.0,0.0,0.0,0.0,0.0,0.0,0.0,0.0,0.0,0.0,0.0,0.0,0.0,0.0,0.0,0.0,0.0,0.0,0.0,0.0,0.0,0.0,0.0,0.0,0.36,1.206,1.305,2.139,1.356,0.324,0.087,1.284,1.077,1.338,2.103,0.663,1.188,3.12,5.04,1.125,1.665,1.557,0.053,7.15,6.5,0.0,0.0,0.0,0.0,0.0,0.0,0.0,0.0,0.0,0.0,0.0,0.0,0.0,0.0,0.0,0.0,0.0,0.0,0.0,0.0,0.0,0.0,0.0,0.0,0.0,0.0,0.0,0.0,0.0,0.0,0.0,0.0,0.0,0.0,0.0,0.0,0.0,0.0,0.0,0.0
85,"스팸 버섯 찌개, 빠르게 끓여내는 가벼운 국물에 자연송이와 스팸 넣은 찌개",895.9,1993.0,8339.0,225.86,109.92,11.35,66.92,4.5,8.98,4.97,3.19,2.77,0.75,0.75,0.0,194.0,11.7,272.9,1691.0,3588.0,735.0,17.04,1.002,0.912,199.3,121.9,83.2,0.769,1.429,73.759,8.636,3.893,78.0,0.0,78.0,78.0,542.1,2.4,1219.0,384.0,8281.0,3480.0,0.0,17990.0,1.0,260.0,2.84,16.0,0.0,35.2,30.394,0.0,0.0,0.0,0.0,0.16,0.884,22.304,6.166,42.745,5.842,35.224,1.04,0.0,23.879,20.673,0.886,0.0,0.88,0.08,0.16,0.32,704.0,0.0,1.43,45.3,0.01,0.0,0.0,0.05,0.0,0.3,0.0,0.0,0.0,0.0,0.0,0.0,0.0,0.0,0.0,0.0,0.0,2.466,9.252,10.971,16.047,17.9,5.83,2.999,8.566,7.089,10.65,13.875,6.47,12.854,19.721,32.544,14.152,10.626,7.779,0.87,219.0,216.0,0.0,0.0,0.0,0.0,0.0,0.0,0.0,0.0,0.0,0.0,0.0,0.0,0.0,0.0,0.0,0.0,0.0,41.4,39.6,1.77,1.95,23.4,0.3,0.0,0.0,0.0,0.0,0.0,0.0,0.0,0.0,0.0,0.0,0.0,0.0,0.0,0.0,0.0,0.0,0.0
86,집밥 백선생 김치찌개 따라하기,149.2,450.5,1886.6,26.9,21.4,2.16,37.14,3.8,7.34,0.0,0.0,0.0,0.0,0.0,0.0,100.0,2.38,20.0,344.0,1380.0,302.5,2.1,0.026,0.052,61.6,9.6,0.0,0.132,1.026,0.128,2.8,0.242,88.0,0.0,88.0,88.0,588.0,2.22,298.0,296.0,22.0,0.0,20.0,1040.0,0.0,706.0,2.06,174.0,4.4,0.6,6.566,0.0,0.0,0.006,0.006,0.006,0.07,4.7,1.656,8.296,0.62,7.44,0.06,0.006,2.844,2.38,0.07,0.0,0.298,0.01,0.0,0.076,746.0,0.0,0.0,1.2,0.0,0.0,0.0,0.0,0.0,0.0,0.0,0.0,0.0,0.0,0.0,0.0,0.0,0.0,0.0,0.0,0.0,0.306,1.208,1.372,2.16,1.808,0.784,0.584,1.336,1.026,1.534,1.51,0.596,1.4,2.52,3.28,0.846,1.002,1.872,0.0,0.0,0.0,0.0,0.0,0.0,0.0,0.0,0.0,0.0,4.4,0.0,0.0,0.0,0.0,0.0,0.0,0.0,0.0,0.0,0.0,0.0,0.0,0.0,0.0,0.0,0.0,0.0,0.0,0.0,0.0,0.0,0.0,0.0,0.0,0.0,0.0,0.0,0.0,0.0,0.0,0.0,0.0
87,얼큰한 돼지고기찌개,0.0,0.0,0.0,0.0,0.0,0.0,0.0,0.0,0.0,0.0,0.0,0.0,0.0,0.0,0.0,0.0,0.0,0.0,0.0,0.0,0.0,0.0,0.0,0.0,0.0,0.0,0.0,0.0,0.0,0.0,0.0,0.0,0.0,0.0,0.0,0.0,0.0,0.0,0.0,0.0,0.0,0.0,0.0,0.0,0.0,0.0,0.0,0.0,0.0,0.0,0.0,0.0,0.0,0.0,0.0,0.0,0.0,0.0,0.0,0.0,0.0,0.0,0.0,0.0,0.0,0.0,0.0,0.0,0.0,0.0,0.0,0.0,0.0,0.0,0.0,0.0,0.0,0.0,0.0,0.0,0.0,0.0,0.0,0.0,0.0,0.0,0.0,0.0,0.0,0.0,0.0,0.0,0.0,0.0,0.0,0.0,0.0,0.0,0.0,0.0,0.0,0.0,0.0,0.0,0.0,0.0,0.0,0.0,0.0,0.0,0.0,0.0,0.0,0.0,0.0,0.0,0.0,0.0,0.0,0.0,0.0,0.0,0.0,0.0,0.0,0.0,0.0,0.0,0.0,0.0,0.0,0.0,0.0,0.0,0.0,0.0,0.0,0.0,0.0,0.0,0.0,0.0,0.0,0.0,0.0,0.0,0.0,0.0,0.0,0.0,0.0,0.0,0.0,0.0
89,닭볶음,347.903,539.55,2254.35,25.86,37.1,2.442,36.64,1.8,25.53,14.97,0.0,0.0,0.0,0.0,0.0,1057.15,16.278,99.0,308.0,526.3,1462.14,2.532,0.638,1.916,29.29,0.0,99.8,0.282,0.248,1.221,0.204,0.388,67.0,0.0,45.0,45.0,86.4,0.0,0.0,0.0,0.0,0.0,0.0,255.0,0.0,0.0,0.03,0.0,0.0,7.2,5.673,0.0,0.0,0.0,0.0,0.0,0.039,1.521,0.513,3.18,0.039,3.12,0.0,0.0,8.1,7.14,0.957,0.0,0.0,0.0,0.0,0.0,0.0,0.0,0.0,0.0,0.0,0.0,0.0,0.0,0.0,0.0,0.0,0.0,0.0,0.0,0.0,0.0,0.0,0.0,0.0,0.0,0.0,0.36,1.206,1.305,2.139,1.356,0.324,0.087,1.284,1.077,1.338,2.103,0.663,1.188,3.12,5.04,1.125,1.665,1.557,0.11,23.0,20.0,0.0,0.0,0.0,0.0,0.0,0.0,0.0,0.0,3.7,0.0,0.0,0.0,0.0,0.0,0.0,0.0,0.0,0.0,0.0,0.0,0.0,0.0,0.0,0.0,0.0,0.0,0.0,0.0,0.0,0.0,0.0,0.0,0.0,0.0,0.0,0.0,0.0,0.0,0.0,0.0
90,"쫀득한~ 찰옥수수전, 옥수수전",0.0,0.0,0.0,0.0,0.0,0.0,0.0,0.0,0.0,0.0,0.0,0.0,0.0,0.0,0.0,0.0,0.0,0.0,0.0,0.0,0.0,0.0,0.0,0.0,0.0,0.0,0.0,0.0,0.0,0.0,0.0,0.0,0.0,0.0,0.0,0.0,0.0,0.0,0.0,0.0,0.0,0.0,0.0,0.0,0.0,0.0,0.0,0.0,0.0,0.0,0.0,0.0,0.0,0.0,0.0,0.0,0.0,0.0,0.0,0.0,0.0,0.0,0.0,0.0,0.0,0.0,0.0,0.0,0.0,0.0,0.0,0.0,0.0,0.0,0.0,0.0,0.0,0.0,0.0,0.0,0.0,0.0,0.0,0.0,0.0,0.0,0.0,0.0,0.0,0.0,0.0,0.0,0.0,0.0,0.0,0.0,0.0,0.0,0.0,0.0,0.0,0.0,0.0,0.0,0.0,0.0,0.0,0.0,0.0,0.0,0.0,0.0,0.0,0.0,0.0,0.0,0.0,0.0,0.0,0.0,0.0,0.0,0.0,0.0,0.0,0.0,0.0,0.0,0.0,0.0,0.0,0.0,0.0,0.0,0.0,0.0,0.0,0.0,0.0,0.0,0.0,0.0,0.0,0.0,0.0,0.0,0.0,0.0,0.0,0.0,0.0,0.0,0.0,0.0
91,파김치전 만들기,79.679,1112.6,4651.0,28.95,95.65,4.657,51.09,16.6,19.7,9.4,5.189,4.996,0.0,0.05,0.07,289.0,4.66,347.4,603.5,1258.7,7.7,4.023,1.235,2.948,6.33,2.2,8.7,0.281,1.271,8.215,1.147,0.636,90.1,0.0,90.1,90.1,80.89,0.0,3.0,0.0,27.0,25.0,0.0,66.0,0.0,23.0,32.75,0.0,0.0,18.65,11.142,0.0,0.0,0.0,0.001,0.002,0.011,7.994,1.948,61.302,0.636,60.152,0.272,0.014,19.273,18.964,0.267,0.0,0.005,0.0,0.0,0.0,0.0,0.0,7.168,0.87,0.419,3.195,0.302,0.06,0.0,0.0,0.002,0.024,0.347,0.55,0.219,0.0,0.0,0.059,0.004,0.003,0.038,0.289,0.786,0.964,2.003,0.822,0.244,0.293,1.539,0.708,1.137,3.34,0.783,1.314,3.679,7.889,1.9,1.42,1.396,0.0,0.0,0.0,0.0,38.74,0.011,0.0,0.026,0.013,0.0,0.0,0.0,0.0,0.236,15.96,0.005,0.0,4.0,5.0,130.0,0.0,0.0,0.0,0.0,0.0,0.0,0.013,0.003,0.012,0.012,0.012,0.0,0.0,0.0,0.0,0.0,0.0,0.0,0.0,0.0,0.0,0.0,0.0
92,고소하고 맛있는전 돼지고기부추전,411.275,990.2,4142.25,33.917,9.234,5.137,198.179,23.22,21.278,1.654,1.246,1.037,11.7,0.004,0.063,489.55,7.51,138.45,477.85,1576.9,812.8,3.375,0.6,3.436,60.355,38.49,17.21,0.293,0.563,3.174,1.853,0.272,84.05,0.0,84.05,84.05,79.365,1.057,367.8,29.25,3336.6,1405.2,0.0,6830.65,0.4,136.0,7.978,2.25,0.0,66.205,2.505,0.058,0.052,0.033,0.065,0.065,0.396,1.053,0.345,3.441,0.043,3.3,0.004,0.004,1.552,1.42,0.117,0.0,0.0,0.0,0.0,0.0,11.25,0.0,0.572,10.31,0.004,0.345,0.0,0.02,0.0,0.0,0.022,0.014,0.005,0.0,0.0,0.016,0.005,0.005,0.0,0.0,0.0,0.291,0.854,1.052,1.894,1.176,0.487,0.405,1.227,0.902,1.262,1.05,0.615,0.882,1.832,6.822,0.864,2.6,1.236,0.0,0.0,0.0,0.024,3.101,0.085,0.004,0.0,0.083,0.0,0.0,0.0,0.0,0.038,0.061,0.0,0.007,0.0,0.0,0.0,0.0,0.0,0.0,0.0,0.0,0.0,0.0,0.0,0.0,0.0,0.0,0.0,0.0,0.0,0.0,0.0,0.0,0.0,0.0,0.0,0.0,0.0,0.0
93,마파두부 덮밥,194.9,638.8,2670.3,19.732,27.758,3.77,75.822,4.59,4.8,0.12,2.505,2.175,0.0,0.015,0.0,67.0,1.705,30.0,146.0,559.5,879.2,2.38,0.088,0.277,13.55,1.5,54.9,0.352,0.23,3.581,0.758,0.356,68.5,0.0,68.5,68.5,16.05,1.51,7.5,0.0,63.0,49.5,0.0,147.0,0.0,45.0,0.225,44.0,1.1,114.0,9.486,0.0,0.0,0.0,0.043,0.035,0.355,5.751,3.08,12.67,0.98,11.326,0.0,0.0,3.181,2.526,0.329,0.0,0.0,0.0,0.0,0.0,71.0,0.0,0.0,0.6,0.0,0.0,0.0,0.06,0.0,0.0,0.0,0.0,0.0,0.0,0.0,0.0,0.0,0.0,0.0,0.0,0.0,0.124,0.518,0.53,0.872,0.969,0.382,0.122,0.453,0.414,0.527,0.878,0.428,0.837,1.323,2.431,0.902,0.745,0.59,0.0,0.0,0.0,0.0,0.0,0.0,0.0,0.0,0.0,0.0,0.0,0.0,0.0,0.0,0.0,0.0,0.0,0.0,0.0,0.0,0.0,0.0,0.0,0.0,0.0,0.0,0.0,0.0,0.0,0.0,0.0,0.0,0.0,0.0,0.0,0.0,0.0,0.0,0.0,0.0,0.0,0.0,0.0
94,정식품진한콩국물을활용한색다른요리레시피공모전(콩국물부침개),0.0,0.0,0.0,0.0,0.0,0.0,0.0,0.0,0.0,0.0,0.0,0.0,0.0,0.0,0.0,0.0,0.0,0.0,0.0,0.0,0.0,0.0,0.0,0.0,0.0,0.0,0.0,0.0,0.0,0.0,0.0,0.0,0.0,0.0,0.0,0.0,0.0,0.0,0.0,0.0,0.0,0.0,0.0,0.0,0.0,0.0,0.0,0.0,0.0,0.0,0.0,0.0,0.0,0.0,0.0,0.0,0.0,0.0,0.0,0.0,0.0,0.0,0.0,0.0,0.0,0.0,0.0,0.0,0.0,0.0,0.0,0.0,0.0,0.0,0.0,0.0,0.0,0.0,0.0,0.0,0.0,0.0,0.0,0.0,0.0,0.0,0.0,0.0,0.0,0.0,0.0,0.0,0.0,0.0,0.0,0.0,0.0,0.0,0.0,0.0,0.0,0.0,0.0,0.0,0.0,0.0,0.0,0.0,0.0,0.0,0.0,0.0,0.0,0.0,0.0,0.0,0.0,0.0,0.0,0.0,0.0,0.0,0.0,0.0,0.0,0.0,0.0,0.0,0.0,0.0,0.0,0.0,0.0,0.0,0.0,0.0,0.0,0.0,0.0,0.0,0.0,0.0,0.0,0.0,0.0,0.0,0.0,0.0,0.0,0.0,0.0,0.0,0.0,0.0
95,달달한 바나나와 오도독 아몬드가 씹히는 치지한 치즈토스트,154.6,172.0,718.0,3.14,0.1,1.98,40.2,6.0,8.36,5.04,1.92,1.4,0.0,0.0,0.0,60.0,1.22,50.0,94.0,674.0,110.0,0.6,0.302,0.516,1.2,0.0,4.8,0.156,0.122,1.114,1.6,0.418,22.0,0.0,22.0,22.0,24.6,0.0,1418.0,0.0,17020.0,14.0,0.0,28400.0,0.0,0.0,0.52,0.0,0.0,3.6,0.036,0.0,0.0,0.0,0.0,0.0,0.0,0.036,0.002,0.002,0.0,0.002,0.0,0.0,0.028,0.026,0.002,0.0,0.0,0.0,0.0,0.0,0.0,0.0,25.2,0.0,0.02,0.0,0.0,0.02,0.0,0.0,0.0,0.0,0.0,0.0,0.0,0.0,0.0,0.0,0.0,0.0,0.0,0.062,0.166,0.11,0.184,0.132,0.058,0.044,0.178,0.068,0.172,0.11,0.062,0.154,0.764,0.31,0.126,0.104,0.176,0.0,0.0,0.0,0.0,0.0,0.0,0.0,0.0,0.0,0.0,0.0,0.0,0.0,0.0,0.0,0.0,0.0,0.0,0.0,0.0,0.0,0.0,0.0,0.0,0.0,0.0,0.0,0.0,0.0,0.0,0.0,0.0,0.0,0.0,0.0,0.0,0.0,0.0,0.0,0.0,0.0,0.0,0.0
96,노란색 양배추전 # 치즈전,0.0,0.0,0.0,0.0,0.0,0.0,0.0,0.0,0.0,0.0,0.0,0.0,0.0,0.0,0.0,0.0,0.0,0.0,0.0,0.0,0.0,0.0,0.0,0.0,0.0,0.0,0.0,0.0,0.0,0.0,0.0,0.0,0.0,0.0,0.0,0.0,0.0,0.0,0.0,0.0,0.0,0.0,0.0,0.0,0.0,0.0,0.0,0.0,0.0,0.0,0.0,0.0,0.0,0.0,0.0,0.0,0.0,0.0,0.0,0.0,0.0,0.0,0.0,0.0,0.0,0.0,0.0,0.0,0.0,0.0,0.0,0.0,0.0,0.0,0.0,0.0,0.0,0.0,0.0,0.0,0.0,0.0,0.0,0.0,0.0,0.0,0.0,0.0,0.0,0.0,0.0,0.0,0.0,0.0,0.0,0.0,0.0,0.0,0.0,0.0,0.0,0.0,0.0,0.0,0.0,0.0,0.0,0.0,0.0,0.0,0.0,0.0,0.0,0.0,0.0,0.0,0.0,0.0,0.0,0.0,0.0,0.0,0.0,0.0,0.0,0.0,0.0,0.0,0.0,0.0,0.0,0.0,0.0,0.0,0.0,0.0,0.0,0.0,0.0,0.0,0.0,0.0,0.0,0.0,0.0,0.0,0.0,0.0,0.0,0.0,0.0,0.0,0.0,0.0
97,아이들도 좋아하는 단맛 가득한 양배추 볶음밥,0.0,0.0,0.0,0.0,0.0,0.0,0.0,0.0,0.0,0.0,0.0,0.0,0.0,0.0,0.0,0.0,0.0,0.0,0.0,0.0,0.0,0.0,0.0,0.0,0.0,0.0,0.0,0.0,0.0,0.0,0.0,0.0,0.0,0.0,0.0,0.0,0.0,0.0,0.0,0.0,0.0,0.0,0.0,0.0,0.0,0.0,0.0,0.0,0.0,0.0,0.0,0.0,0.0,0.0,0.0,0.0,0.0,0.0,0.0,0.0,0.0,0.0,0.0,0.0,0.0,0.0,0.0,0.0,0.0,0.0,0.0,0.0,0.0,0.0,0.0,0.0,0.0,0.0,0.0,0.0,0.0,0.0,0.0,0.0,0.0,0.0,0.0,0.0,0.0,0.0,0.0,0.0,0.0,0.0,0.0,0.0,0.0,0.0,0.0,0.0,0.0,0.0,0.0,0.0,0.0,0.0,0.0,0.0,0.0,0.0,0.0,0.0,0.0,0.0,0.0,0.0,0.0,0.0,0.0,0.0,0.0,0.0,0.0,0.0,0.0,0.0,0.0,0.0,0.0,0.0,0.0,0.0,0.0,0.0,0.0,0.0,0.0,0.0,0.0,0.0,0.0,0.0,0.0,0.0,0.0,0.0,0.0,0.0,0.0,0.0,0.0,0.0,0.0,0.0
98,추운 겨울 따듯함을 담은 달콤함 ' 꿀고구마 찹쌀전',0.0,0.0,0.0,0.0,0.0,0.0,0.0,0.0,0.0,0.0,0.0,0.0,0.0,0.0,0.0,0.0,0.0,0.0,0.0,0.0,0.0,0.0,0.0,0.0,0.0,0.0,0.0,0.0,0.0,0.0,0.0,0.0,0.0,0.0,0.0,0.0,0.0,0.0,0.0,0.0,0.0,0.0,0.0,0.0,0.0,0.0,0.0,0.0,0.0,0.0,0.0,0.0,0.0,0.0,0.0,0.0,0.0,0.0,0.0,0.0,0.0,0.0,0.0,0.0,0.0,0.0,0.0,0.0,0.0,0.0,0.0,0.0,0.0,0.0,0.0,0.0,0.0,0.0,0.0,0.0,0.0,0.0,0.0,0.0,0.0,0.0,0.0,0.0,0.0,0.0,0.0,0.0,0.0,0.0,0.0,0.0,0.0,0.0,0.0,0.0,0.0,0.0,0.0,0.0,0.0,0.0,0.0,0.0,0.0,0.0,0.0,0.0,0.0,0.0,0.0,0.0,0.0,0.0,0.0,0.0,0.0,0.0,0.0,0.0,0.0,0.0,0.0,0.0,0.0,0.0,0.0,0.0,0.0,0.0,0.0,0.0,0.0,0.0,0.0,0.0,0.0,0.0,0.0,0.0,0.0,0.0,0.0,0.0,0.0,0.0,0.0,0.0,0.0,0.0
99,고구마 찰전,0.0,0.0,0.0,0.0,0.0,0.0,0.0,0.0,0.0,0.0,0.0,0.0,0.0,0.0,0.0,0.0,0.0,0.0,0.0,0.0,0.0,0.0,0.0,0.0,0.0,0.0,0.0,0.0,0.0,0.0,0.0,0.0,0.0,0.0,0.0,0.0,0.0,0.0,0.0,0.0,0.0,0.0,0.0,0.0,0.0,0.0,0.0,0.0,0.0,0.0,0.0,0.0,0.0,0.0,0.0,0.0,0.0,0.0,0.0,0.0,0.0,0.0,0.0,0.0,0.0,0.0,0.0,0.0,0.0,0.0,0.0,0.0,0.0,0.0,0.0,0.0,0.0,0.0,0.0,0.0,0.0,0.0,0.0,0.0,0.0,0.0,0.0,0.0,0.0,0.0,0.0,0.0,0.0,0.0,0.0,0.0,0.0,0.0,0.0,0.0,0.0,0.0,0.0,0.0,0.0,0.0,0.0,0.0,0.0,0.0,0.0,0.0,0.0,0.0,0.0,0.0,0.0,0.0,0.0,0.0,0.0,0.0,0.0,0.0,0.0,0.0,0.0,0.0,0.0,0.0,0.0,0.0,0.0,0.0,0.0,0.0,0.0,0.0,0.0,0.0,0.0,0.0,0.0,0.0,0.0,0.0,0.0,0.0,0.0,0.0,0.0,0.0,0.0,0.0
